5.058048784698990774e-01,4.147435700849960716e-01,-6.731264340542306712e-01,5.990757585293073006e+00,3.841117016050417110e-01
4.464781348025949059e-01,5.571125354566950350e-01,-9.696263622407599314e-01,1.110665071042236329e+00,7.052529751004713576e-01
3.228267073467688264e-01,4.746780073770869857e-01,-7.163044349995146831e-01,3.498047097003286865e+00,4.645997889596146235e-01
5.946102466403316855e-01,4.157982319577490093e-01,1.115334681127794880e+00,7.816691502882532561e+00,5.848812583241377316e-01
5.445123510263752964e-01,6.610712776271204794e-01,-1.327258468005574343e+00,5.723027899170157973e+00,6.697159165892428989e-01
3.512234209693694265e-01,3.937521569695803803e-01,-1.397450892325365235e+00,2.471067283342141430e+00,6.194546556091408140e-01
5.012891904640621732e-01,6.922797791102934806e-01,7.559817305657041686e-01,2.371938465546636898e+00,4.933461981530301577e-01
3.608138026661729114e-01,4.901156116101830218e-01,8.479165124090410899e-01,7.617422992254239134e+00,3.027122182276865692e-01
3.235106306038487700e-01,6.229477183595479861e-01,1.794117615577011549e+00,1.819145978373475359e+00,8.751750364487003164e-01
3.233065672086613551e-01,5.503118130222404147e-01,-2.138608249035036657e+00,1.378216413426977649e+00,4.558547876509886354e-01
3.802204424943796957e-01,3.533733719689911568e-01,2.136628773401582748e+00,4.136239745327732642e+00,3.765063757629956154e-01
3.059324741608593357e-01,4.205328420932916700e-01,-1.503529523214197638e-03,2.353022636983113536e+00,7.351697811148195649e-01
5.550421320249937507e-01,3.989774410454698383e-01,-2.337314987807767253e+00,9.589976398051582862e+00,3.944232511078503700e-01
3.603768938789011500e-01,5.723787367619044275e-01,-1.167214472898918221e+00,3.492278421288460777e+00,8.880841945082693645e-01
5.348124288751372468e-01,6.044117982460179839e-01,-5.226972106030665088e-01,8.410812967004757112e+00,4.803723975632449017e-01
2.224589380770433666e-01,6.385446627538534647e-01,-1.947745659707274868e+00,7.371801935376589121e+00,7.010519575836370310e-01
2.597337321868589122e-01,5.694265648042968753e-01,-1.781176261023933893e+00,6.440928640091524215e+00,6.032800714173398582e-01
4.040645872340791200e-01,6.895121846526912623e-01,-1.891455328664866542e+00,3.762074392984580573e+00,4.430739388851973048e-01
5.329919480778918528e-01,5.716533118926028223e-01,-1.197441934988608736e+00,4.005014132985492914e+00,8.284914510082286299e-01
3.787425186358135409e-01,4.336666587979213228e-01,-3.441865877948462327e-01,4.473373195740663277e+00,3.851151280977191949e-01
1.694758127371790435e-01,4.394806538622927916e-01,-3.053508971541035510e+00,9.070495613309621064e+00,5.678120100635984935e-01
4.399125333800875115e-01,5.205045636130783970e-01,2.925032983328197389e+00,9.908224049543427725e+00,5.048445940890771144e-01
5.290084803861858642e-01,4.447212080692106717e-01,-1.037322867314149022e+00,2.992568240517826439e+00,3.413322698904224239e-01
2.498262043220538520e-01,6.486248838613618561e-01,-7.928235903727740563e-01,2.024772024672205184e+00,4.757708831744825728e-01
4.072794435958893011e-01,4.440925222163467079e-01,2.619058069758511742e+00,1.672046126358316620e+00,4.507119165993037635e-01
4.665173750468066816e-01,6.217186357041262212e-01,-2.618079010820201447e+00,5.137539203865932436e+00,6.324649963077252357e-01
1.086950659361302779e-01,3.641009715219805654e-01,9.351027912335130310e-01,3.052302161933834412e+00,8.226829700830017300e-01
5.229194814991170448e-01,6.308791186944111562e-01,2.577726834345881457e-01,6.248244690677992708e+00,3.490215165616645798e-01
3.992012999469751744e-01,4.748989299671620978e-01,4.278727970938883018e+00,4.416483795070607066e+00,5.430349140843999667e-01
1.834238176388313657e-01,4.180646782160560848e-01,-1.171291886464900234e+00,1.534110333482535671e+00,6.768707865933897283e-01
4.280744560839701007e-01,4.822093935498252826e-01,-6.850921729603056676e-01,4.615819264548752798e+00,3.456819379209062348e-01
4.799460748868669135e-01,3.110513496177870207e-01,1.334664066932922388e+00,4.988330269930143501e+00,3.860636844728861927e-01
5.746215957518940876e-01,4.562432664804858540e-01,-2.784137932011239158e-01,5.319963121570379094e+00,3.430433089727111806e-01
3.525903290231897635e-01,4.779949819806562639e-01,3.502431080671740915e+00,6.589472315181813755e+00,5.170572202601352307e-01
5.127378273519948015e-01,3.225559094403194216e-01,1.904438789950628319e+00,2.442029155699139586e+00,5.681062839891105609e-01
2.388904080460717838e-01,6.098549658858773981e-01,-2.529370340911668791e+00,2.197141853887388141e+00,6.598260486957931992e-01
5.561213540222498253e-01,6.660113895698863695e-01,2.160236082013224923e+00,5.426727370471875034e+00,6.829085798307017452e-01
2.657919554469707069e-01,6.857652609538605892e-01,-2.341560903092769319e+00,2.333028043053271716e+00,6.388745344408064408e-01
2.562410100616391850e-01,6.653623966499473408e-01,-1.232682150798693588e+00,7.139309098180686597e+00,6.042730908120271804e-01
1.399844207360042003e-01,5.753358163754731525e-01,1.841589861694722607e+00,2.951855316533490203e+00,9.671610187314029217e-01
1.723616421247867736e-01,5.055863353732155119e-01,1.699431886830380378e+00,7.967112048641926236e+00,7.226591675124038883e-01
5.386993594388905793e-01,3.507624963185073108e-01,-1.160535831309983834e+00,8.807487795055806146e+00,3.807823526487917887e-01
1.081637478380270412e-01,5.217562931198602705e-01,9.189845186500331664e-01,2.822006183445417982e+00,9.629335859078828053e-01
1.610332073355942029e-01,6.184851431251126019e-01,-6.993939355278104841e-01,2.471375703156714287e+00,9.443008395104123265e-01
2.851224478364052795e-01,3.700505814264426485e-01,-1.366756675336967319e+00,5.890681050296615595e+00,6.987431471071859912e-01
4.017539690365812266e-01,3.081481428054769212e-01,1.067889271552102670e+00,4.770506918028002197e+00,5.071280135407613132e-01
5.077694171139457424e-01,6.743177820408368106e-01,-2.124232873343878225e+00,2.907007885602592268e+00,5.245371860995533542e-01
5.299219118335211087e-01,6.137915181182047597e-01,-1.934742232843758458e+00,6.796246117804921383e+00,4.613900647827127166e-01
5.789599308133157596e-01,3.903207052947293421e-01,1.596274936486711482e+00,3.164433830075455312e+00,9.000786588918024966e-01
1.897034270298426084e-01,4.607811038002391224e-01,2.999722043463735943e+00,1.709357591393719122e+00,7.445186424769083544e-01
5.707317051866235280e-01,5.796940391806046922e-01,-1.897603138667953715e-01,9.674523287940221650e+00,5.805286519624792696e-01
4.148822011960316969e-01,4.033562611624878502e-01,-1.853794340752918490e+00,5.399887939969592487e+00,5.714839604869205170e-01
5.699081690080303186e-01,4.769519289906781756e-01,6.788065561806266857e-01,1.697300361148222470e+00,9.785041863613124224e-01
3.688788586114435386e-01,4.628422380727953422e-01,-2.702533429099011286e+00,2.490264686622097212e+00,5.363374478723013095e-01
2.469122689304975027e-01,5.375782392730098502e-01,-1.427688654467305973e+00,7.968359805265670559e+00,5.282322573829831835e-01
4.741615196725533776e-01,4.447421746411195920e-01,-1.958551986606553275e+00,7.064902305658276482e+00,7.719257027165423724e-01
4.032741380525300956e-01,4.814522023664498107e-01,2.097683320404291507e+00,9.044915952160144101e+00,7.484692490026504386e-01
4.286876187824792961e-01,4.943666673918152288e-01,1.941131337478264385e+00,3.082751190793441953e+00,8.666093185781716945e-01
3.673100929903753142e-01,5.625589125470569218e-01,9.811938856969337763e-01,3.755734026065840947e+00,4.735825811459088985e-01
5.063979101516392634e-01,3.996083344332220788e-01,-2.280149440298405494e+00,4.032747527890672146e+00,5.243238775245655514e-01
4.605171449708967968e-01,3.199258535601769426e-01,-1.667255149676765580e+00,7.708609591238355208e+00,6.674807503141226839e-01
5.536467580927502130e-01,4.113310052358781221e-01,-7.547371759204342112e-01,3.586422549652259928e+00,7.255994968749818197e-01
2.362849781201362132e-01,6.272927444053691959e-01,-7.226819186026363084e-01,9.813125909977079786e+00,5.575527496080425749e-01
3.294753185215185676e-01,6.865745964294410753e-01,-4.696870191139392858e-01,5.665297799341301399e+00,4.888232793927073105e-01
3.472357894338120587e-01,4.803441344792909184e-01,2.270412453957753485e+00,3.952809473499159676e+00,5.222290262088353785e-01
4.040152104943182110e-01,6.122008546599361223e-01,2.433358402251989183e+00,9.259641422294119906e+00,3.169077950027268109e-01
5.227880645599478626e-01,3.618588116521728182e-01,3.288414067680134778e+00,8.824740763997352744e+00,4.007200094777135790e-01
5.281005165289469616e-01,6.613830217669910416e-01,2.931833654650350951e-01,9.934540655555354149e+00,4.627662335365300139e-01
4.231641566974042590e-01,6.795765588727428197e-01,-1.398479987468606467e+00,3.436869321688962309e+00,4.589295401367535776e-01
3.300555457326153075e-01,3.512771140638557554e-01,6.949726407466014777e-01,1.067077625255649309e+00,6.924011201798375703e-01
2.551751815935789369e-01,6.097423255679175202e-01,-1.658492788959296416e+00,6.088513306750286347e+00,6.355367951388474212e-01
4.000960049708118804e-01,3.552740881103746418e-01,3.169623406758697470e+00,1.429117994950882542e+00,8.608496362915746269e-01
5.029229757052382510e-01,4.748771975147624280e-01,-9.341503223754372698e-01,5.621910536815025949e+00,6.955141738169701160e-01
3.218982558505726344e-01,5.616410243771443600e-01,2.735325909948876699e+00,3.901439106648766586e+00,5.998773963194287129e-01
1.764375639232325932e-01,3.561034265529033349e-01,1.229740566409178726e+00,2.327893541643696551e+00,6.421381536687145175e-01
2.504190903690132197e-01,5.508806870385107857e-01,-1.207738048649440898e+00,8.796343946217520582e+00,5.636783276290030509e-01
5.473439804256902130e-01,6.368663048616072242e-01,1.833366083847441708e+00,2.355855286757098099e+00,7.813701411647381301e-01
2.229185217804007246e-01,3.905969967041554303e-01,-1.627352121528662821e+00,4.112138297255412134e+00,5.836103293585013230e-01
4.818799630431753744e-01,5.031082405681605030e-01,-1.675622308133605465e+00,9.398391269737993881e+00,3.329845505906119385e-01
5.127611747557436761e-01,3.554232022113875678e-01,2.554490020752817614e-01,4.034125086042962494e+00,6.015808545953192921e-01
3.788858358473082832e-01,4.718016064274943577e-01,-2.453834793105773127e+00,2.142287415884708057e+00,7.904252429444723616e-01
4.507413994636942922e-01,5.078169894683273178e-01,-2.482178864685550046e+00,3.271630848026385152e+00,7.342952723434756912e-01
5.237953685121353731e-01,5.729268256962866124e-01,1.148045337905790220e+00,2.397514059215981597e+00,4.665543822420803455e-01
3.545013901142808344e-01,5.050521552879467801e-01,-2.415281219557626091e+00,2.901758154021731428e+00,4.758311754288931938e-01
5.999963507174078670e-01,3.601478508260892442e-01,-3.310819258696197309e+00,7.595700357027878269e+00,3.905329418610644643e-01
2.898615505604804632e-01,3.719635438550578654e-01,3.696815664353112041e+00,8.295825287339580356e+00,5.098389235898135308e-01
2.095914627374292905e-01,3.808607821675659144e-01,2.902676759844519339e+00,4.327455625848449117e+00,5.927755244795683831e-01
4.559619732165005601e-01,4.231968341390360822e-01,-1.221598963939065641e-01,1.162214088435738146e+00,5.647167848103411547e-01
3.962208754222555918e-01,4.525432272784555288e-01,1.526833759012332870e+00,4.796651915693776580e+00,4.195392384230418603e-01
4.431636609136179183e-01,4.320700889594331628e-01,-2.151805939943311596e+00,1.783460545637184147e+00,7.518300089096813243e-01
3.727795723794632421e-01,3.472879045610872129e-01,3.055398578141119259e+00,2.014578133757024325e+00,8.497970261784972834e-01
3.519863420143501953e-01,6.276208674713805724e-01,-1.987578770178086263e+00,2.065574197149894431e+00,8.290865113811923814e-01
5.677254382808059052e-01,6.086095949342147371e-01,-9.005337874578831503e-01,3.991300963358338283e+00,5.873749013291230670e-01
5.840459192276787892e-01,4.901440749108076922e-01,1.034500552608998092e+00,5.984312327163236134e+00,4.581364654143476045e-01
3.539713702464111211e-01,4.971556286191192164e-01,3.168437454973432210e+00,1.361793226501208931e+00,4.657593573172732482e-01
3.088212880603392052e-01,4.329282158405292069e-01,-1.809670853765696030e+00,1.804065174602627053e+00,7.089626768595572726e-01
2.744052475128368473e-01,5.426745615133308220e-01,-1.498690451992657380e+00,3.191559950325257855e+00,8.970949740369663639e-01
2.596438102327693342e-01,6.550467268422458522e-01,-4.799244322813720487e-01,1.234736751688035650e+00,4.642129964873545900e-01
5.763183956507000882e-01,4.329260730072619356e-01,1.923301589738862560e+00,7.711487184907697134e+00,5.398081750390882894e-01
3.806988652992226996e-01,4.110775173867254884e-01,1.959036771071634320e+00,1.001525117786793206e+00,4.051252261186826242e-01
1.911358787904771095e-01,6.443647397459156823e-01,-1.159815067356951168e+00,6.402124391875324783e+00,6.441759364451833392e-01
3.515183664973973166e-01,5.632163416232988107e-01,-5.954211439345016288e-01,2.511793968169751423e+00,6.997537316311649436e-01
5.083958794771509249e-01,3.105004326304288687e-01,1.924376025404872514e+00,6.299508661083702776e+00,6.003515721470997768e-01
4.112073626527865677e-01,3.249433449931491968e-01,-1.884846690473018782e+00,8.075668073216455412e+00,4.854472864459978831e-01
4.894591450504937047e-01,4.463721018585479205e-01,2.461367301782995121e+00,7.830035321305139462e+00,6.550372790982931237e-01
1.982884163347852224e-01,4.508865545426021804e-01,-4.557007819262794968e-01,9.581356110560719230e+00,4.978914949340674800e-01
5.135101862164941355e-01,3.587878534370912975e-01,1.612901271434378003e+00,6.306717072626405240e+00,3.766521128368652827e-01
3.753325709780361841e-01,5.896746100324476991e-01,1.957014300271305629e+00,4.861353129975703347e+00,6.405515417321098193e-01
1.663748238800396018e-01,3.405111736813229983e-01,1.124464563136907458e+00,7.401094957147042130e+00,6.362501604187543736e-01
2.351634301485591716e-01,4.421164110173936290e-01,-1.655957749997284623e+00,5.970584430368092832e+00,5.228051939558586714e-01
3.411516587987781790e-01,6.204997041910957911e-01,-2.449668744454074787e+00,4.572165584886667133e+00,6.251693439225405324e-01
5.091052018188414463e-01,3.497381538479127361e-01,3.390876389711921846e+00,4.894233109395771386e+00,6.523274672469373536e-01
3.675316849721248502e-01,6.609631558936217566e-01,-9.228326033595992683e-01,1.938248986050999489e+00,3.545668948826441458e-01
4.485082988281977601e-01,6.453095871291262275e-01,1.157729729176936395e+00,2.840830697394286730e+00,3.493642565220774765e-01
1.663411851685047127e-01,6.639356934768004814e-01,1.744764490230055642e+00,6.494137385256945727e+00,7.709992686451661026e-01
4.021246953507592314e-01,5.267157116353329283e-01,2.615819276233249724e+00,2.131211570948967626e+00,5.478250119950102137e-01
4.209838535790332292e-01,6.520958124399762745e-01,-3.654515213825906272e-01,2.083361419449955676e+00,6.972791160125604293e-01
5.170595912028839169e-01,6.166960633933322722e-01,-1.752589983452637057e-01,5.646007618021497976e+00,7.084070175898353749e-01
3.549933747076781110e-01,6.110014955975423545e-01,-1.730948571067011166e+00,4.268690298266553995e+00,5.578006950973583011e-01
4.674670248197446698e-01,6.033215800203735046e-01,-1.791743544955455736e+00,5.151833988517757312e+00,8.249036882362497103e-01
2.449242415051356703e-01,6.600130584493628660e-01,-4.545965434237349001e+00,1.982624373705433651e+00,6.697960674034167949e-01
3.641875690698191947e-01,4.736853087128680695e-01,5.950163136400457020e-01,9.205499319156269067e+00,6.206987599578531745e-01
2.772366453231346894e-01,6.309702760603437266e-01,7.119904100258400703e-01,3.382778420557933430e+00,6.839129333535525213e-01
5.591131496330826733e-01,3.548039165026149466e-01,9.730663156846794948e-01,2.976384965920348957e+00,5.887548450530060151e-01
3.944596752901045056e-01,3.129037613583733890e-01,-7.517321649656789617e-01,2.455501400504479736e+00,4.809651749752438255e-01
3.292320315413581611e-01,5.364072896053625472e-01,6.969492488650752549e-01,8.218549933864267132e+00,4.571437922016935440e-01
2.072969120047032932e-01,5.470167762944907475e-01,9.883017877495117176e-01,7.375141533365887625e+00,6.528945062678623845e-01
4.398587161298936898e-01,4.295892418280372604e-01,1.980695424051482689e+00,1.491305039790008280e+00,5.017397777055773167e-01
2.665365753831701046e-01,5.212919529699259202e-01,6.732902972733088021e-01,1.691400299602699775e+00,5.013043350622995442e-01
3.291283809844719466e-01,5.915709397889414856e-01,-8.197921245295871628e-01,1.853661166723916232e+00,9.265902235138567811e-01
5.424231293061710923e-01,3.249689828978640227e-01,1.671653357381207350e+00,6.722064237406255138e+00,6.514112136530362251e-01
4.901041468868938544e-01,4.039929056746303093e-01,-1.479962121211313431e+00,7.077547111856636874e+00,7.268185252005363584e-01
4.343075682049317709e-01,6.880137890414581570e-01,-1.434437424779125614e+00,8.637817231938507589e+00,5.410381698417842111e-01
4.603746056465288783e-01,3.587058459154406354e-01,7.775508869376670518e-01,5.254626880024590996e+00,5.132688604111067532e-01
4.649803896012071336e-01,5.683763495052567283e-01,3.372479105135717248e-03,8.810014192510058351e+00,5.810516084820263050e-01
3.145660598284875098e-01,4.338323987007114413e-01,1.266290624399651676e+00,4.064497156528341648e+00,4.076333933958938838e-01
5.453608846405925137e-01,6.543389221369035891e-01,-2.943983532498770206e+00,1.959219816270138859e+00,4.557433018903473965e-01
2.660794450722859805e-01,5.972816526995602393e-01,-1.055963498004535150e+00,5.347599572221184872e+00,4.686744687786467134e-01
4.696599386614311866e-01,5.383806111616140644e-01,-4.118846590403443031e+00,3.701251726311967527e+00,4.827735925893672508e-01
2.090190004009500058e-01,6.019206150359988072e-01,-1.764539614158175063e+00,4.642109246700453440e+00,5.087776529659933100e-01
2.334431032592881594e-01,5.126681425459121977e-01,3.718865245420088783e+00,7.257820194751424481e+00,5.581345353581118607e-01
4.529190716331722433e-01,3.398777267682946412e-01,4.564074176910200009e-01,3.336945160918730835e+00,5.661519334426123873e-01
5.139338741262658994e-01,6.631118104533403335e-01,2.988148673168753433e-01,3.171199689611050587e+00,3.959603349520626203e-01
1.931209402802749886e-01,3.557397722418243480e-01,1.324369504347502335e+00,5.054564566530311609e+00,6.965542366718122658e-01
3.065010435979567127e-01,5.766223597999629025e-01,-1.324801490182796471e-01,9.344893032334240957e+00,5.517459927984412760e-01
3.704580062198326029e-01,5.035675488509104847e-01,-2.263693919930751974e+00,4.334602432915063197e+00,5.735296943237302436e-01
3.091722827337449742e-01,3.226574494097855239e-01,2.302678162519819161e+00,2.952656746225589046e+00,9.853526849688917233e-01
4.725009034080746018e-01,5.098556924950126135e-01,-8.622108186490429205e-02,3.191841681006782672e+00,8.352011050120344837e-01
5.827193433419072255e-01,3.172538283600823128e-01,-1.774684033965592267e+00,6.693060025454585116e+00,6.182784136278938192e-01
3.243416735804809936e-01,4.569859989824269775e-01,-2.341833572114548900e-02,2.997176846272924244e+00,7.992291084690797964e-01
4.880095946450554445e-01,3.569200610741071200e-01,1.079459878521075389e+00,2.969002941031508414e+00,7.346469519498191048e-01
1.567811240448376553e-01,6.175362165765680977e-01,-5.793875719991916640e-01,3.726663716712221408e+00,7.242668114545849356e-01
5.990069159773108165e-01,4.584637706314904637e-01,-1.135194180573844580e+00,2.607953078770156807e+00,3.488807971805976682e-01
5.475118111721717362e-01,4.431236364463980726e-01,2.637859846087852844e+00,3.176003907831331574e+00,7.499558384031127511e-01
4.668070664945062065e-01,6.081337839862184236e-01,2.099715559727708403e+00,9.014371247420454480e+00,3.253518990941330902e-01
5.170996915731808086e-01,3.410188145736096632e-01,4.117715263845649787e+00,3.798319383187188869e+00,5.958078349105049298e-01
4.425294112838772387e-01,4.521071038006496123e-01,2.444926559871214877e+00,6.354996640443188127e+00,5.830417933947519282e-01
3.985290357689392771e-01,3.487313953741847938e-01,6.436689065345815308e-01,7.633400507730077500e+00,6.368024997103177709e-01
5.509866123634644675e-01,6.856089171561802198e-01,8.070899138205707146e-01,4.065645618136331407e+00,3.625744244106163805e-01
4.028688060737919407e-01,3.972743558798857433e-01,-1.898452734715464274e+00,7.865840228452880112e+00,3.347677639332340416e-01
4.704393943835791791e-01,4.793755895679941981e-01,-3.054093599307972973e+00,4.891092764942573723e+00,3.966482993498900989e-01
2.637805819248521533e-01,5.888716903486967968e-01,1.842174694167254323e+00,2.251160480635181038e+00,7.047992462475485276e-01
2.147534153023649695e-01,6.255764374983856513e-01,-4.897857311234519173e-01,4.551039444499434872e+00,6.723901629703981087e-01
2.558249659996405523e-01,5.184874964969878874e-01,-2.685422006715171506e+00,8.679390257243756679e+00,4.695423717436426614e-01
3.475409383659582296e-01,3.774536009856416796e-01,3.572728709592414731e+00,9.760845294607486622e+00,3.895168473362063954e-01
5.495558938635375368e-01,3.611890755638120787e-01,-1.274673971509630022e-01,3.261818929593656158e+00,6.925555980252179333e-01
1.131332263403772992e-01,4.955523137210972040e-01,-2.020336164949718238e+00,6.533770627650934415e+00,7.724673320949833055e-01
1.473545340485264421e-01,6.727446259760615499e-01,7.711355928754102251e-01,3.777305164307601437e+00,8.029285307998444976e-01
3.598993996494022074e-01,3.856045064334660544e-01,2.503704733632075907e+00,7.797684418997706146e+00,4.541944423818239374e-01
4.883438848901954232e-01,4.989107247510671250e-01,1.778322661851124309e+00,5.019436618593957178e+00,5.663717771388017130e-01
2.828599831999604741e-01,5.613096378212267812e-01,-1.168103492123078624e+00,8.198697533271952054e+00,6.184527282099817613e-01
5.348302612403703638e-01,3.187260539455817332e-01,1.504227086161284532e+00,4.123194376507040460e+00,5.046610701377962638e-01
1.398049903554490769e-01,3.060436324384592233e-01,3.562947826238721305e+00,3.683140312052323839e+00,7.117089748886883394e-01
2.722161626033319237e-01,5.806602210656979235e-01,7.385492883964310806e-01,6.098601196788377976e+00,4.068192734948801181e-01
4.487990820687197679e-01,3.031372534171183908e-01,2.697689474441506974e-01,2.082459737151480361e+00,4.051844312241443813e-01
4.470371236395552783e-01,3.043122646797664643e-01,2.282418558287202970e+00,6.317399657412554603e+00,4.933329675244626511e-01
4.691471343437076946e-01,5.131623114367952487e-01,-4.004529524644601324e+00,6.646300618186015363e+00,4.729263795168213713e-01
3.544148677590494012e-01,3.724185129784171044e-01,-9.903351769166697238e-01,7.069733419694333776e+00,4.674192638273648726e-01
1.392350978004449069e-01,5.295452379961463896e-01,-1.498154285226416693e+00,5.133563944135971724e+00,8.608286863573384462e-01
1.528522144199637167e-01,5.807063444542328590e-01,4.005253665066010882e-02,8.349552164816648414e+00,5.686021682501786190e-01
5.687683741618448918e-01,6.919367625529853072e-01,3.506342180769996375e+00,9.407848405436377348e+00,4.565786016697315208e-01
3.978713081754792213e-01,4.574382552935638557e-01,1.348977986333370183e+00,2.397325265627616275e+00,6.141118135847838388e-01
3.281825683318016496e-01,3.946151666730962071e-01,-2.086653163202871752e-01,8.160883445662147295e+00,5.775943160984393643e-01
3.635088101493563206e-01,3.679055701153049474e-01,4.032888319151613388e+00,7.838088596888844961e+00,5.112671456266282277e-01
5.049084187349174302e-01,3.815364458644745493e-01,2.391891784349380323e+00,9.886483941544593534e+00,3.347033398538589721e-01
5.892777813661868036e-01,6.142898526149767058e-01,-1.269897244311657403e+00,7.088136056319085831e+00,4.183496150414385273e-01
2.773009838397333393e-01,3.302300536033949685e-01,4.873257140702484946e+00,5.160300858952811431e+00,5.365876739511682425e-01
4.956171877248515267e-01,4.699934251191624224e-01,-2.020158826133806595e+00,4.556326183818500297e+00,6.928852673489835912e-01
3.743929190224574155e-01,3.235522608280947399e-01,4.092001432820440598e+00,4.189527706125200979e+00,5.147286001345298123e-01
2.402696728332376908e-01,4.395069848389030476e-01,-9.867802214153211793e-01,4.820100827890975381e+00,6.590359392730801291e-01
4.273450365773391324e-01,3.208615420906953397e-01,2.216631062358537463e+00,6.484684750171764378e+00,7.732255935120414536e-01
4.573385757648343874e-01,4.628537308970061548e-01,1.691557422620849849e+00,4.890719841222146869e+00,5.511816872794311761e-01
3.305151183229756429e-01,5.540643713756521205e-01,-3.686475756142835181e-01,4.177413124592336047e+00,6.094002572957761821e-01
1.729257994064533066e-01,6.082441422540956211e-01,1.605433822039819880e+00,3.112933355199723806e+00,6.225872548059041556e-01
3.189234851042622720e-01,6.096180471649299548e-01,2.379486840103828271e-01,1.293229140933395804e+00,9.748558279081442901e-01
5.197482462865834485e-01,5.130698948185874464e-01,3.151747371528443864e-01,8.252817517360618638e+00,5.987047385025464630e-01
3.959882452115395246e-01,6.409721696740858787e-01,-1.968282312058835970e+00,8.889493137351358598e+00,2.970433655960311725e-01
3.184474269463797302e-01,5.581149481083294006e-01,-2.712865194973022032e+00,3.932658388393813098e+00,5.135008328115262533e-01
5.847010721656584753e-01,4.710112796827745640e-01,-2.297346146866299677e+00,8.576477884843363597e+00,5.431078017783628198e-01
3.161137713143656880e-01,3.637092723206846179e-01,-1.995607950522068741e+00,1.310932263761767524e+00,4.870047608475229772e-01
2.294336087112952838e-01,6.888713138461284302e-01,-4.460353867144671192e+00,1.839136404852891982e+00,6.310428445142574061e-01
2.013880692109920045e-01,3.549109527911262219e-01,-1.280609106884312176e+00,1.310772181146160342e+00,6.502184890138420492e-01
4.293372671759664305e-01,5.697910086287063525e-01,1.421644091853168312e+00,1.696180365736507323e+00,5.081554337612618211e-01
5.124791784814253237e-01,5.257113732634035586e-01,-2.282366769811390306e+00,3.116069517598207383e+00,5.118951824592633537e-01
3.676367943947328465e-01,3.276548603311233987e-01,8.207893254430622676e-01,1.474308699539057965e+00,3.605727120316505330e-01
5.206678053186879485e-01,4.615875020703449350e-01,-2.782500289423730511e+00,6.993419313195254006e+00,3.640178301354534129e-01
3.994600663877595492e-01,4.952639213591836231e-01,5.088786683589940907e-01,2.853057274800323118e+00,7.764097311919840871e-01
3.616546150771844381e-01,6.042431865924366985e-01,2.185223128864879349e+00,4.506684974337907157e+00,6.671089390756803628e-01
5.713547632919642183e-01,4.641698134726970348e-01,2.677459746481002156e+00,5.332580502259057553e+00,6.874513231746841591e-01
1.964679704560308993e-01,6.108826480442381968e-01,-1.939003419857046051e+00,1.163137348162000428e+00,7.107098576733494877e-01
3.286490476482560874e-01,5.891591370603228572e-01,1.954749085020024424e-01,5.644156915410495579e+00,5.006593835363579714e-01
3.260202159567687774e-01,5.947861205769552351e-01,-1.244271297820377598e+00,1.664466093386476331e+00,7.949683740359336781e-01
5.197721502326734244e-01,4.348988160526041646e-01,-3.498759885821597138e+00,5.183513948773934565e+00,4.708443109922608727e-01
4.173439392458051511e-01,3.034033605958804114e-01,3.517424117124205551e+00,8.078668875962620177e+00,6.972310950364860593e-01
5.485960218432646140e-01,3.040604363914312658e-01,-3.889573951924383266e-01,3.739423528241148542e+00,4.702489523363619917e-01
3.295801421782182383e-01,5.211920001103125255e-01,-1.149529234449183868e+00,7.223228897696110096e+00,3.183443598433008948e-01
5.442186233958227204e-01,6.392185473324775158e-01,-4.268223588442019434e-01,9.503515057919917908e+00,5.425236245745767016e-01
2.642015837680899426e-01,6.641248375483242983e-01,2.063051618711946311e+00,1.656535351076437568e+00,7.704279774057832819e-01
4.667037329646146482e-01,5.082833215157900320e-01,-1.333221872334529934e+00,4.045803187746079388e+00,7.344400510582429487e-01
3.926228640804683145e-01,3.280247571715299570e-01,-7.204720251283589505e-01,3.851920688328079656e+00,4.201212540055918598e-01
4.743659889594955548e-01,3.249856180177176368e-01,3.707734940721994832e+00,6.888079869045612647e+00,4.974145174856045015e-01
3.198772508172976203e-01,5.210342502567113510e-01,1.992866766199289152e+00,2.112396429383309737e+00,7.959181330572968616e-01
4.153465638178638342e-01,6.825735331588307364e-01,5.897320008460535945e-01,8.674626108005314862e+00,5.226531190618465272e-01
2.690872322282956697e-01,4.042193947048958735e-01,2.737876536994016341e+00,3.972479007239794413e+00,7.052846142177116029e-01
2.868707831641260642e-01,3.379572669478234093e-01,-2.123711413805284831e+00,8.829644394081276104e+00,6.137135864122209572e-01
4.305785171212115348e-01,3.420479732910793325e-01,1.331509567853839116e+00,3.578681863041950795e+00,5.345425310603695301e-01
5.495298517558852014e-01,4.825053226058857447e-01,-6.628192306115838761e-01,6.183916540438872289e+00,5.133793540742070949e-01
3.041630533891321875e-01,5.907726184690063054e-01,-3.216300354785585291e+00,3.660294137877926346e+00,6.131579733548280231e-01
5.409676488097598934e-01,5.878305774299223962e-01,1.759396891679902097e+00,7.137065489260492335e+00,4.347970091850148489e-01
2.813202564705291620e-01,4.734364632491970815e-01,1.442096530133426313e+00,5.865266730927185534e+00,5.435984821929760180e-01
1.454000690312508837e-01,3.087778233572422426e-01,7.816522043233300465e-01,2.688776698021836609e+00,6.306868333123250014e-01
3.310288724936599203e-01,4.892478050434600489e-01,1.351305937551954273e+00,2.653600741536941143e+00,7.780321895534055843e-01
5.188596202948160263e-01,5.932810434764570484e-01,1.800293257778053935e+00,4.996249889685770107e+00,6.852657370171336693e-01
1.247839364394253969e-01,6.648199472618150363e-01,1.125351664228270820e+00,1.916153196209094300e+00,8.693017101477761299e-01
5.203825733000378984e-01,4.038404136605300843e-01,2.141537178925218221e+00,2.828918214091852512e+00,6.466611177755882123e-01
4.542756233262286170e-01,5.522831703323540786e-01,-1.951257458074528994e+00,2.903559927332419743e+00,8.972840929012169120e-01
4.446193975118473141e-01,3.446657087226142613e-01,4.392636622890108811e+00,5.374619392111891436e+00,4.570231521220664561e-01
4.591950769888932804e-01,5.530460054491888044e-01,-2.040533055736605927e+00,9.056655580571987940e+00,6.529212539777374813e-01
3.522747453881023283e-01,5.273883435592899849e-01,3.545150876327262779e+00,4.137126224042470213e+00,5.145653555843903160e-01
3.646391211967120460e-01,6.928234216624413744e-01,-2.141077598255189507e+00,3.184310849651938113e+00,9.503631571101031073e-01
4.515615205512828467e-01,3.620470423578782126e-01,-2.156356445036136105e+00,1.355611031211616524e+00,6.477371646726975962e-01
3.501270369624267520e-01,4.656200719594167370e-01,1.777959993626533119e+00,9.628032247164249213e+00,5.016566102006808636e-01
5.282320425115736295e-01,6.525748139030197459e-01,8.723623526607084955e-01,1.449865580587796687e+00,8.796644835605880175e-01
3.857065790001255046e-01,3.866253479453935493e-01,-5.673091604004296684e-01,3.659282129893172808e+00,5.101813804066435143e-01
5.210821211063469960e-01,6.897992608947458582e-01,2.962571018342574192e+00,1.129909929009543124e+00,4.947084244874339065e-01
5.006826214820406795e-01,4.961025718050128819e-01,1.533212822952455312e+00,2.210696451547899066e+00,7.701696266519737488e-01
3.351126709942638948e-01,3.701053389048087894e-01,2.289937699539343896e+00,2.678864810715878342e+00,3.871203481199080310e-01
4.902624616804176494e-01,6.668223910725710191e-01,4.924476428941986228e-01,5.796959129799308386e+00,3.898976342470253931e-01
2.041376549188506084e-01,5.382961059363671197e-01,1.718102792092710551e+00,4.418215076836094823e+00,7.986590155809499825e-01
4.043471231380880715e-01,3.050930242914054458e-01,2.040266196059388193e-01,7.809541427976522066e+00,6.459767280307879833e-01
1.055975811178417878e-01,5.011377415720467132e-01,1.234123276910235489e+00,2.551011959625713921e+00,6.562201636692334139e-01
4.119234712535803089e-01,3.328535766775698179e-01,2.539241456380297635e+00,9.900258684356970207e+00,6.145349492983428474e-01
3.919167812879105206e-01,4.907990771339543201e-01,-2.667107441306991067e+00,9.328935219053988703e+00,3.907253787080926521e-01
4.905525549797301599e-01,4.333164088233898981e-01,2.053917663887684597e+00,4.342810670971385179e+00,4.001170509951008647e-01
4.095030473391085835e-01,3.813642898604133746e-01,8.963066601428169022e-01,5.598640683736035406e+00,4.725727195702471573e-01
2.570288391765620517e-01,5.117885858695134793e-01,-1.954163346239691457e+00,2.837783615130756942e+00,7.841939730382996299e-01
5.910782727300892825e-01,3.821937616888126943e-01,2.622186738085040325e+00,8.250882090139109337e+00,3.160060794674084406e-01
2.935742853936389452e-01,3.055997606589447857e-01,2.300444275897907787e+00,1.537634791368378107e+00,4.129410877233943289e-01
4.267653854557724724e-01,3.981288461402592294e-01,2.815425328470801958e-01,4.518396862123898572e+00,7.076152262093706735e-01
4.167418817657537744e-01,6.949029714072003650e-01,-8.528131117142745410e-01,3.662061201934078802e+00,5.623987549232859484e-01
4.647585373741605075e-01,4.431610449257598061e-01,-5.965589742758625746e-01,2.459959690814135236e+00,4.637333164603554270e-01
4.204907685077710067e-01,6.875926961318590269e-01,-9.352713547918884984e-01,4.110924497875118711e+00,6.600439746610744507e-01
5.237288241089643748e-01,3.607100266942123157e-01,1.454042309525402921e+00,1.339168581586298812e+00,9.215429945678726975e-01
5.072858512436406730e-01,3.920740319767833104e-01,-9.226614486446056418e-01,4.945333402956823221e+00,3.536794518329674508e-01
4.037798525623219614e-01,3.950358067203119106e-01,-7.598314927846487876e-01,9.281735181853756345e+00,3.497052196569047089e-01
2.542373691353025378e-01,5.024666566531721390e-01,-2.595816853488899678e+00,6.745992719121514547e+00,4.867088531978355226e-01
4.392764013484010688e-01,4.816292650702729827e-01,2.355326015859495747e+00,9.611136086670914125e+00,6.222073882353739149e-01
5.297299376595303588e-01,6.205553082955037603e-01,2.774172737177448056e+00,8.287060105463961435e+00,4.441996983689693312e-01
3.823776575775659214e-01,5.255138200412058369e-01,-1.173387975891694524e+00,1.120461920173226877e+00,9.538432410694115404e-01
4.302950681653424647e-01,4.174929477156129609e-01,7.850142342603678713e-01,3.001295280151374367e+00,6.193794460892705356e-01
4.412359757286243855e-01,5.207651296011095443e-01,2.518945320049495784e+00,2.538181935719398652e+00,7.135717742005598385e-01
4.580062457736615578e-01,3.298540734820423204e-01,2.468898866578497220e-01,7.063062188447679191e+00,5.863983235533896110e-01
3.210087004440689284e-01,3.650240435931315086e-01,-1.873241131357081812e+00,3.640174737120914106e+00,7.293060293771904679e-01
3.767928203323215319e-01,4.033180054214428045e-01,-1.951042457527097262e+00,9.552979648728472384e+00,3.671363927757580470e-01
3.243247664479778636e-01,6.060442943871071630e-01,-2.398928438269643415e+00,4.209481281861097379e+00,3.876627611133713902e-01
2.938754485759931812e-01,5.338755021191414762e-01,1.287092851628607093e+00,6.238768797443414726e+00,3.868615313669853117e-01
1.519477094499749603e-01,6.283348811267005507e-01,-1.469865440260324618e+00,1.301147529106580381e+00,6.183522216292780538e-01
4.236707014885184863e-01,3.857499458183698549e-01,1.756858038929659749e+00,6.699080898541168061e+00,6.001222750392730676e-01
5.261514950065413476e-01,5.647201415133171754e-01,1.228686881266723319e+00,4.291493441482539417e+00,6.949298732476686391e-01
4.201989402507976257e-01,6.639416907924672318e-01,-8.088448610201428579e-01,4.286014328117198069e+00,5.035511780557467842e-01
3.782996424861330143e-01,6.336217865468246613e-01,-2.664804942755575112e+00,6.617633032239886859e+00,4.981467059975045464e-01
1.998213836376568353e-01,4.746815018510840423e-01,-1.787680439937704868e+00,2.376082943027102878e+00,8.492567158777865055e-01
3.027798114789171935e-01,5.971571867232983166e-01,-9.738497345370262792e-01,4.967728212870624382e+00,8.189340999134471222e-01
3.622233687928374524e-01,4.921214640630194870e-01,-7.188802872124053778e-01,9.732576505763061547e+00,4.699816968263654804e-01
5.067961623488438372e-01,5.128509915146508558e-01,-2.854622007314660426e+00,3.619567988627034438e+00,4.197609923368007534e-01
2.562144016674803293e-01,3.822477995703358888e-01,2.599395563144236476e+00,1.108582928743923057e+00,8.878615154752295124e-01
4.155821332016210734e-01,5.530796407197289266e-01,-2.238702436188230838e+00,2.806320102948111739e+00,7.897173724925272698e-01
4.524922763019624261e-01,3.252400508493585862e-01,2.525721577204178558e+00,6.468778667263372029e+00,3.617751393334468490e-01
2.863032897929346232e-01,3.672082395733959892e-01,3.372819487505228864e+00,6.075291934568021190e+00,5.062475669448422977e-01
5.560189069538258311e-01,6.452813216054982259e-01,-3.436528115851796183e+00,7.263968514473425842e+00,5.455069905365186322e-01
4.709590143123704165e-01,5.635185289098217920e-01,-3.074591535239572515e+00,6.616728662846897535e+00,3.940234241538761450e-01
4.820531755826027442e-01,6.056265349570111312e-01,-2.656851978944873238e+00,8.212410470135109719e+00,7.123949744931561412e-01
3.254294048167665765e-01,5.592730409711559325e-01,-1.390688903503600748e+00,1.338892537935330473e+00,5.874932983504500550e-01
5.983095164736031979e-01,3.111734342987406143e-01,1.547880343219682153e+00,1.178255063710240913e+00,9.559270260654195717e-01
5.464438910307150010e-01,6.182697440197255645e-01,-4.910762817212237508e-01,1.917530235212213441e+00,6.706822542466519543e-01
3.365684460183811511e-01,5.657030336897290734e-01,5.365380377594028971e-01,9.556052933180994913e+00,5.008898561589278930e-01
2.812822749034440961e-01,5.307887613501253155e-01,1.532464076777006134e+00,6.805618860418704230e+00,7.709119592911618524e-01
1.864559289738971226e-01,3.407963415548619368e-01,2.152221210592126788e+00,1.430550580052888821e+00,6.091540976232078242e-01
2.953630710594311592e-01,6.262385347451467910e-01,-1.711290762984311264e+00,7.182436822794758591e+00,6.074982258803598434e-01
4.902102238777235055e-01,3.493304802114223229e-01,2.642344564282962160e+00,2.138213261825516298e+00,6.895005894101262633e-01
3.387865319047881352e-01,4.376755060727921531e-01,-2.557732813107302050e+00,3.148370080231270407e+00,8.053775798343332237e-01
3.849456429419129133e-01,6.447356542913726951e-01,7.362405732500141298e-01,9.600221487986702940e+00,5.955881872605810479e-01
2.929782993650068001e-01,3.735635553972694312e-01,-2.876074554149523621e-01,2.702517555611905209e+00,7.709156096835727556e-01
4.766627366877161931e-01,5.457348615283705850e-01,3.166824145323044348e+00,2.704113199964891745e+00,5.585199625753758390e-01
1.852193932517302577e-01,4.371526272205540353e-01,1.095270953154443561e+00,1.058647079402302849e+00,7.073481898259128542e-01
4.331297321743575734e-01,3.065669347948788981e-01,2.449395515743105989e+00,7.305079515593432049e+00,4.318351584238767638e-01
5.227129630586099251e-01,3.961222922996282536e-01,-2.631225187408757549e+00,4.314169038678324242e+00,5.739593842259296252e-01
4.975733655984787562e-01,4.681214942376816790e-01,4.370248489213768295e-01,1.817240884932137757e+00,5.076949563612909166e-01
1.412597944834896868e-01,3.156393555307457355e-01,-1.367375088944196015e+00,8.562337576975341591e+00,5.205913601093833387e-01
3.376028399075724495e-01,5.041272216276420082e-01,1.823941550104342113e+00,8.299527726473659328e+00,3.238822110752245242e-01
4.526031061381776688e-01,4.906353647466403789e-01,-1.563761835044428228e+00,6.681414457304486021e+00,7.267213783581245590e-01
2.910767489296317567e-01,6.839397860727206568e-01,-4.568179820331472740e+00,1.706860404665908382e+00,5.845310755273602776e-01
5.695822333966057416e-01,6.390154316530647360e-01,-2.452518316009441701e+00,5.257528014050747878e+00,4.725376773608306324e-01
4.082833865486109604e-01,4.713180728686788834e-01,-5.728040665736884307e-01,5.653337606612191202e+00,3.130796901071823957e-01
2.139711593573302983e-01,3.252639959997121188e-01,-7.098347451567859068e-01,2.324559532698047271e+00,5.198526818531240545e-01
3.807627219456611867e-01,6.283637654984306486e-01,-4.344904516070541511e+00,2.784001951502737882e+00,5.220540645915918709e-01
1.640393981919496258e-01,3.588809809853973909e-01,2.551611213121440791e+00,2.884055995360308877e+00,5.941160497519628603e-01
4.692012819198340123e-01,4.431896103608208293e-01,3.679597174973505247e+00,3.563371606342986553e+00,6.219255767008156077e-01
5.846068919478155657e-01,5.315328168931771069e-01,2.211320047282036683e+00,9.135099707261687740e+00,4.301665977055778578e-01
5.908096832435141277e-01,6.300514431843445839e-01,-3.215796897916557651e+00,8.346867810366624951e+00,5.495549145189715379e-01
4.915991398904708820e-01,6.581871259100829930e-01,-8.637589762283370831e-01,3.350796905269321169e+00,6.005359946906375646e-01
5.736734373277168064e-01,4.285006034910747164e-01,2.891011820281597089e+00,1.604945654349727135e+00,7.017009960806386282e-01
5.086765377922922715e-01,6.279530914748721049e-01,1.322063460019151648e-02,1.119954799737244544e+00,3.670935133916763959e-01
3.783374212837414818e-01,6.746895589522491354e-01,1.823037983317483679e+00,4.319861403894119434e+00,7.888427214070359295e-01
4.168708668948918339e-01,5.123418236509815760e-01,-2.566652808591947110e+00,1.046154573855544889e+00,5.913225417263365813e-01
1.221834711739342993e-01,6.643632567643833475e-01,-2.493577107922575031e+00,1.629355099710930066e+00,8.093396698891947016e-01
4.004550864066159788e-01,3.081281096378878925e-01,2.672224063569833774e+00,7.172317461245907744e+00,5.090842869879449450e-01
5.617104569341814235e-01,6.889224170921660617e-01,-1.456695044407654294e+00,2.678808093806726465e+00,6.539932155763916732e-01
4.500722864537429757e-01,3.901673834383071471e-01,-2.192596019705230326e+00,4.549859420179478420e+00,4.819752223012826464e-01
3.047423978947041423e-01,5.638317332029081363e-01,2.197325430071587427e+00,3.728172587744068345e+00,5.556340374887639433e-01
1.971968229154710261e-01,4.607862636860765582e-01,-1.334321663980877926e+00,9.010096474923555476e+00,5.930195377749025720e-01
4.941661659600791179e-01,3.601915947496834858e-01,2.724887022987177332e+00,8.139105692091217037e+00,5.051433185306617446e-01
4.064194242427979775e-01,6.094476661687669994e-01,2.431530952584544103e+00,4.314945688832450443e+00,7.510650844427808615e-01
5.888369866732743318e-01,5.898518540320227821e-01,-1.658318195375283022e+00,8.726545203127567873e+00,6.189039891767188495e-01
3.501794425181919967e-01,4.921700896911119782e-01,4.582298458878062419e-01,2.393360078810904401e+00,7.113440656914493676e-01
2.107792895944368416e-01,5.342797220662440782e-01,2.331970107639847356e+00,7.733263592414926002e+00,5.038507364191791016e-01
5.466982583343058533e-01,5.276890035169020665e-01,-1.890113353746988967e+00,6.154934242188621063e+00,7.323028268656354145e-01
3.460388512412459483e-01,3.173176500459222726e-01,3.141127548829480531e+00,5.521157027457094912e+00,6.160168905478741186e-01
4.967414492669212089e-01,6.750709515024101437e-01,2.222709584772520230e+00,6.154160788354747780e+00,6.264733521023182483e-01
3.824950772425063095e-01,3.337178381756407131e-01,4.235176070925792402e-01,9.852121513621558080e+00,3.540555603339061719e-01
1.091798045999250871e-01,3.009600956060570764e-01,-1.745260164693949179e+00,6.376347336869191196e+00,6.478166784448438076e-01
3.776706925580909369e-01,5.291829396980036737e-01,-2.753788501435456837e+00,2.037813594611432855e+00,7.514290689017434355e-01
2.684533685891253851e-01,6.628793468445972614e-01,-4.439553837190160834e+00,1.620439207958310757e+00,6.063061609029257726e-01
1.242268525241954358e-01,3.064758801820790524e-01,2.895066363716144231e+00,8.113968233692432364e+00,6.350664227822176988e-01
1.749740631204826091e-01,3.693337783764923388e-01,8.903593794083430879e-01,6.163341594252868205e+00,4.801547321516723699e-01
4.897616337578125645e-01,3.807214661474697670e-01,-1.269381263531247583e+00,4.696964951347003314e+00,3.343129192243298187e-01
2.804460036884834362e-01,6.911995681673052117e-01,1.019929459888960999e+00,3.133149436767206364e+00,6.759795830515933357e-01
1.683378384408286688e-01,3.300427445927616166e-01,1.530612439939806002e+00,7.361250463024098245e+00,7.193429776639254092e-01
2.132795333582112873e-01,3.836390952151090272e-01,-1.533519779419449947e-01,8.389880062860475718e+00,6.154338734669208000e-01
5.889300202411911211e-01,6.419393417342496022e-01,1.813777312665232344e+00,4.569121708113135227e+00,5.347159576468556441e-01
1.527271110857949532e-01,3.764427464657403855e-01,-7.369972171714849196e-01,7.035369049784570450e+00,6.803751463414106082e-01
1.914378813247307742e-01,4.444723391922202338e-01,2.700173683687664195e+00,7.489173106788772571e+00,6.523918586666531683e-01
1.210360716046154361e-01,6.286146664665255290e-01,-1.570535905089508688e+00,6.591423196759004455e+00,6.100270713375318676e-01
3.525358951010191255e-01,5.858963540037082085e-01,-1.852660440538935305e+00,1.851768207304035796e+00,3.369675762950951614e-01
2.209897691143624110e-01,5.037873837313984193e-01,-1.662887354505986348e+00,8.375581968298144275e+00,5.523251191150730932e-01
1.532802296303389378e-01,5.070568460384640153e-01,-2.525253554720373383e+00,2.869015041115721587e+00,6.729238728092663546e-01
2.114863812968742485e-01,4.286710152681798558e-01,2.158376479294126682e+00,9.151580065216927906e+00,6.998318783502956997e-01
3.261602026634189411e-01,4.242015591504622596e-01,1.186893137576103818e+00,4.456800445666079469e+00,8.193388004694774907e-01
1.397503315454811657e-01,6.654687857485005464e-01,-3.939815084189035588e-02,3.007225471834208186e+00,5.838167263845672750e-01
2.045066606414522037e-01,5.986666131361608745e-01,6.894018734150177963e-01,5.747717817101736237e+00,5.489310290802981163e-01
3.367755968297769797e-01,6.600620751676911091e-01,9.303989785549537928e-01,2.512735730262049216e+00,6.038184615079345008e-01
3.104185924609901837e-01,6.008506633589373314e-01,1.464394451798954222e+00,4.376654609393887618e+00,4.094183818663140739e-01
1.383781224317432446e-01,3.925268393967592528e-01,-3.005940415288606005e-01,4.435278784298124499e+00,7.625972410621550956e-01
2.697829664355917423e-01,3.657123617554900452e-01,-7.172306588812187300e-01,2.185330882515583717e+00,7.190274315343599953e-01
3.373003214114485004e-01,5.987573959109280253e-01,2.278256620155910461e+00,1.734376691016879413e+00,6.467214363847448855e-01
3.668654498822849774e-01,6.038304713629991660e-01,2.952164166293980152e+00,1.168086119348753060e+00,5.812252837043285769e-01
5.919122708756652251e-01,4.939542074030203178e-01,-1.922554278499717384e-01,4.808434197051490777e+00,6.840125324459069844e-01
4.849315573177218619e-01,3.509667740554202053e-01,1.404300334179609422e+00,2.342739382348796084e+00,7.906675913875806927e-01
5.584760866792822798e-01,3.095561542959265888e-01,-1.748151567325995082e+00,6.531339626493457118e+00,8.111232084830281019e-01
5.359642485327559269e-01,3.102424273150752865e-01,2.049366895972854152e+00,6.359952461944321733e+00,5.352494216859599030e-01
4.057625587275962564e-01,4.600328394712440150e-01,-3.570758378534596211e+00,8.778677868976814125e+00,4.488534800651327039e-01
5.824054639812672463e-01,4.245415837335486664e-01,1.706145042739521500e+00,5.489066257294726192e+00,7.450204044632815492e-01
2.613624616133858880e-01,4.918377412564515216e-01,-1.978710089440530950e+00,4.991784780180402059e+00,5.357140136125918550e-01
3.333260973919872638e-01,3.941829041260124233e-01,-1.360413399481329222e+00,3.143631465726219432e+00,7.828647433473224782e-01
5.191842660559277123e-01,5.946165555839444394e-01,3.991797926119344808e-01,8.945374897269601888e+00,4.427862622962852601e-01
5.559679694515105020e-01,4.861129956541655472e-01,-1.566318873932826428e+00,3.263737035114303353e+00,3.562089346095265174e-01
3.204606041145504070e-01,6.490884620244934400e-01,2.752517841189999537e+00,9.847766131061957751e+00,5.738419541435031412e-01
4.098667928578928477e-01,6.537932006259683515e-01,2.744084221298167314e+00,9.965469122755017395e+00,5.520359509272941834e-01
5.727300337225320614e-01,5.508795354560012125e-01,1.285723365758999037e+00,9.388173596973290458e+00,3.741466332121330396e-01
1.458789403197295609e-01,6.320155939329255013e-01,-2.073333188572402008e+00,5.625546910886955132e+00,8.982789624219275071e-01
1.445925793512723434e-01,5.902230960212674349e-01,-1.335449704892603950e+00,8.722351224522629565e+00,5.973155539223389265e-01
5.490769939040686110e-01,3.512132473615455219e-01,1.557485438988093662e+00,9.093884318839045022e+00,6.607062768866189817e-01
5.969571440879185564e-01,6.709120184748267324e-01,1.010581895068791702e+00,9.331296503022457500e+00,5.330482729337174819e-01
5.634991488483229727e-01,3.911345585931477187e-01,-2.664778076159314946e+00,9.560963441739795954e+00,4.377496694915234965e-01
5.661994447500958705e-01,5.425022368602525624e-01,-1.677650881257033433e-01,5.273987020349822252e+00,4.093147705479679432e-01
4.170526291308561673e-01,3.526704740668910043e-01,-1.388251323537614823e-01,6.334265335456808366e+00,3.195661490550845141e-01
1.617315560601504665e-01,6.233453961661865605e-01,1.349148333289714508e+00,4.318929429526334296e+00,8.127287405209002724e-01
1.108561268806281391e-01,4.749133157260812532e-01,1.231070609395209736e+00,7.093651051225741355e+00,7.207153814473803433e-01
4.140596020865102700e-01,4.755640072746520897e-01,1.140138157704214450e+00,9.501064581611412763e+00,3.743359965719880167e-01
4.154417174175681904e-01,3.204733439192100075e-01,-1.924780778382020330e+00,7.060107864895847740e+00,7.780988302096567555e-01
2.654501348424961327e-01,3.644837963986682361e-01,3.219671197581199351e+00,4.785161764330119638e+00,6.394874562866021961e-01
1.870094439974989142e-01,5.629723260917687266e-01,-3.421468146547743672e+00,5.583902391549603550e+00,5.999571545405718576e-01
5.238977776021578325e-01,5.536670758522115321e-01,1.151937239355625309e+00,5.481213333036609292e+00,3.909638371770342014e-01
1.361167745852780719e-01,4.823929741407964045e-01,7.095574584106802973e-01,4.009804046134282096e+00,7.404215537544123205e-01
3.395798099823370553e-01,5.288445077316371590e-01,-2.362806882836369748e+00,1.477108726311599396e+00,7.424333820709919651e-01
3.532498738028831964e-01,3.223593579566723655e-01,3.475542565889167435e+00,1.114294386939320480e+00,6.542656380690059503e-01
4.017889765904040233e-01,5.990275665889837065e-01,-2.319267483786946027e+00,1.792954876035923295e+00,4.752093323207531306e-01
4.432615760482944145e-01,4.370807106605996140e-01,-6.056048947861505383e-01,6.880120920196922896e+00,3.230834070037772454e-01
5.013752297037171735e-01,4.089778433655098522e-01,3.972141012087114120e+00,4.114382491363905103e+00,4.897409189484047687e-01
4.836613920291934487e-01,4.949333639766715920e-01,4.699847984065552708e-02,6.145556049449270475e+00,6.215582186325092628e-01
4.055989343742133491e-01,6.388522725757059817e-01,-2.484584610238327329e+00,1.993434188935935936e+00,9.691456646149740894e-01
1.275615323693037872e-01,6.662675397228037255e-01,-6.230199946678851575e-01,5.931750554797055486e+00,5.812604719210785476e-01
4.625917116780464688e-01,4.945022535420420251e-01,-4.265164400148531598e+00,8.377479623906499029e+00,4.682455679628697576e-01
2.475687118814723919e-01,6.127472195966557900e-01,-3.190405890518188681e+00,3.510991075813284734e+00,7.491650009158609125e-01
2.675043382543769166e-01,4.189236949656786058e-01,2.289485903751451445e-01,2.061333499202367303e+00,5.695578471596839387e-01
4.039557482860449689e-01,6.535153550154659818e-01,-9.660563238143984321e-01,2.131115068983893579e+00,8.997542236135762650e-01
5.479230283013912794e-01,6.219142214361879084e-01,7.025954014403339443e-01,3.231197447342739615e+00,6.925079962088805940e-01
4.117581836183697996e-01,3.784966411688229226e-01,2.036153957351611865e+00,9.152809736622444348e+00,4.793222136824645263e-01
3.553145054797698377e-01,4.338087058689589770e-01,3.239917684023689404e+00,9.165100297411882480e+00,5.599972188809447804e-01
4.178540019008974982e-01,4.691426065945923929e-01,-2.541810116317106516e+00,6.032276766821308200e+00,6.055612252931574790e-01
2.010221689786543531e-01,5.836525389827308397e-01,-1.532593428963160864e+00,2.662410651144195839e+00,9.204055445136859470e-01
5.724252743118045661e-01,6.251202719680761799e-01,2.723906278079745391e+00,4.914569994275963971e+00,6.053291820361362818e-01
3.847418315896330432e-01,5.461140479882757859e-01,1.049746372903071823e+00,6.225886607910972259e+00,2.932376416924891149e-01
4.289131179688087103e-01,6.388314134720511905e-01,9.063241932226215880e-01,3.664792074458443683e+00,7.027077483110365508e-01
1.359301827769168747e-01,5.057571412947692302e-01,2.426766747713219985e+00,2.840225456166660223e+00,7.922026453693316039e-01
2.923469293566153260e-01,3.339989762347604918e-01,5.980490472285824310e-01,1.646226554464417902e+00,3.880558945904121204e-01
3.896165544580301177e-01,6.491573869223934423e-01,4.718840917038811256e-01,5.167199059779293613e+00,5.129899689210514202e-01
5.634044740192536427e-01,3.090964171922955250e-01,2.975375607536713041e+00,8.695227196917135970e+00,3.390413699360580457e-01
5.820679504388099890e-01,5.204752504104609434e-01,-1.400138795525671664e+00,2.034121805834947061e+00,5.453492158545485413e-01
2.284814778822816528e-01,5.042040191161101248e-01,-1.035859965956823281e+00,7.557010420951632668e+00,6.619701352020577190e-01
4.055422273752413709e-01,6.027480381578786961e-01,1.310607861723193324e+00,6.970243580989750498e+00,6.294561273534106105e-01
2.054484015148821952e-01,3.329095205698640036e-01,2.586331667669389489e+00,1.078789972714540912e+00,6.110996451511276906e-01
5.538578672998049068e-01,5.261811883356707353e-01,1.598574249100947142e+00,5.591983990538023974e+00,5.784777917716577011e-01
2.695405744897615419e-01,6.711532544755292040e-01,1.367008223480938867e-01,2.058439005230133567e+00,4.461143683630559575e-01
3.751293070035334187e-01,5.178922016810039164e-01,3.205896899933692978e+00,5.955959138539880904e+00,5.622426101538166021e-01
3.518817702407529557e-01,5.683640550523474388e-01,1.779273495463602472e+00,1.260337422646523153e+00,7.279444279323872280e-01
5.895207418841531544e-01,4.802120495178521242e-01,1.704668239392872486e+00,1.944758235541516722e+00,9.914101189333023312e-01
3.177685282504811859e-01,3.189755445308743442e-01,3.321373300423358543e+00,3.853133271831572948e+00,6.726052930430305166e-01
5.969353921367803739e-01,6.084504560653638539e-01,2.080226538931110980e+00,3.303508422837398761e+00,5.175518712600664095e-01
2.337953802268537273e-01,4.422564318571711173e-01,-6.804294608923928678e-01,1.887192528038001527e+00,6.050941039089127171e-01
4.034965266103512915e-01,5.271551783856713858e-01,-1.396118866724798124e-01,3.057634059515600633e+00,4.144538438408789105e-01
2.245104834316180575e-01,4.943490912782683711e-01,-1.925721978123449141e+00,5.810410249863763532e+00,7.449815803902810618e-01
5.079651191820713230e-01,5.087047361528124201e-01,-2.542234749187624487e+00,7.085381513002557696e+00,4.659364179097600367e-01
2.278687228026624323e-01,5.668226276181311807e-01,-2.930767472609306701e+00,9.524077885021501544e+00,4.954090750907771401e-01
5.661196496916917065e-01,5.062315757158274421e-01,3.240681164865206298e+00,3.773938415296589799e+00,6.213886029417959866e-01
3.240365741819247747e-01,3.931852640830969525e-01,9.979788391429664784e-01,4.383288626247374253e+00,6.076086902715844840e-01
5.216751333397208201e-01,3.570317361106382092e-01,4.023510206117819621e-01,2.311276347968116429e+00,6.304572307773028683e-01
1.293378341869654280e-01,3.789897490985302264e-01,5.814204777508606981e-01,4.548507766112606099e+00,5.144166395413931614e-01
2.433227045740759542e-01,5.219540638374766672e-01,-8.272132012710429194e-01,6.422500097441278477e+00,4.264509250169087329e-01
3.444829366377794577e-01,5.854308569398388729e-01,-5.707642189812842659e-01,4.201357402593100865e+00,5.399237899623000603e-01
3.144722771648626458e-01,4.923452623847841547e-01,-1.623754256237164295e+00,4.205979509536463823e+00,3.642949790217386852e-01
4.324162294405736739e-01,4.445937591662829091e-01,-1.513804053208766653e+00,4.730517853594424338e+00,6.444519954336906942e-01
3.066194338664299801e-01,4.855769571086403502e-01,8.080767411972953340e-01,5.368101118230592661e+00,3.166403152027278400e-01
5.205685522585979941e-01,6.496736697393401538e-01,-2.162976411758389617e+00,5.969481637783655259e+00,4.994269480416315687e-01
1.433699643828848791e-01,6.988181578152449225e-01,-2.207516886027597991e+00,6.373892679447199505e+00,7.125659699400642699e-01
4.192004117490505388e-01,4.289932840153279359e-01,-1.779843790824835903e+00,6.361961345849779015e+00,3.269016827452161378e-01
5.139716812018200187e-01,5.081872025175004914e-01,2.456884489514179037e+00,8.597180817141762077e+00,3.504398608216477973e-01
5.524469412442991612e-01,4.316369259701751115e-01,-1.004464615005474126e+00,9.068690591074910046e+00,4.113951053303449568e-01
4.341422105228834871e-01,3.284771685534387808e-01,1.381507955839462731e+00,5.318558897442967393e+00,4.908264310034688993e-01
3.940905721546621443e-01,4.250559970644227081e-01,-1.421727745789444608e+00,6.099278309408280307e+00,4.231992866834870526e-01
4.123165165048420233e-01,6.599388102051665372e-01,1.024916604254889840e+00,8.398656207376848926e+00,4.150251560173999765e-01
2.568710274254511483e-01,5.991435097684043587e-01,-1.611910136248972947e+00,9.120411257805253413e+00,3.982583976671720816e-01
5.400539342167892665e-01,4.291124493021306607e-01,3.099375570824221882e+00,9.025588208995793948e+00,4.525714017780586573e-01
5.412078152517200147e-01,4.635365551778781179e-01,1.913554469246139256e+00,2.401155991627764053e+00,8.060244146514855546e-01
2.268857057909657304e-01,3.917594096495661260e-01,-2.085705525029875052e+00,9.275750159281301421e+00,5.831037463318530234e-01
1.626670316614258760e-01,6.437226659013609575e-01,-2.162550492128465063e+00,7.277633474966356708e+00,6.032446332538226041e-01
3.913918573412961122e-01,6.289892215012387044e-01,-4.145769110682056890e+00,4.129041832985877569e+00,5.118299054379483737e-01
3.589697461603181816e-01,6.051338642477510632e-01,-2.185568673040705789e+00,6.878698962497003855e+00,5.353190141689136983e-01
3.169285520544731227e-01,3.695859403650666453e-01,-2.432786140037558997e+00,9.960294354613164813e+00,3.657998811991269861e-01
4.138226550579932050e-01,4.138131661758835955e-01,-1.605520989802310616e+00,2.606201635226060631e+00,6.468120260079159856e-01
5.367934958701150450e-01,3.412405926290291713e-01,-1.173647526549249420e+00,3.282718407996792376e+00,3.905103763583865906e-01
2.276695966820382333e-01,3.200910399734767098e-01,1.831718116451897416e+00,7.973950704304492376e+00,5.242231390728484541e-01
5.401001059676192595e-01,6.851656196692278433e-01,9.464252719642507472e-01,6.404527641123094028e+00,4.098707904422612680e-01
4.141037800950518877e-01,5.641473429247194638e-01,-5.297189356164722085e-01,1.561324636676973299e+00,6.992484564033901728e-01
3.841898914289575417e-01,3.919622296523578298e-01,4.354875303629636818e+00,5.460368514590613565e+00,5.670971710916455910e-01
4.036571596080444913e-01,6.807774299337552293e-01,1.724719939000094016e+00,8.067679040023326920e+00,4.448035583640753687e-01
4.754747088479320816e-01,5.864621479401239679e-01,1.218256850264332947e+00,8.222589617853696353e+00,3.921434021914566026e-01
3.949876671750865986e-01,4.179027654197969288e-01,1.708430614398498193e+00,3.319082156066769596e+00,3.263178802636748088e-01
5.361538979295558116e-01,6.533407102823901580e-01,-1.969060493516085586e+00,3.226408980193523846e+00,8.120291562621279047e-01
3.570669393751733089e-01,6.456998425067764780e-01,-1.920257576580458370e+00,1.842238037350674595e+00,5.597596712271813990e-01
3.456575267834709475e-01,5.239475416154195653e-01,-3.381203590845771600e-02,5.543592003584731032e+00,5.824895620816402664e-01
3.695975249849500210e-01,5.993203502293590335e-01,-1.810704855212215136e-01,5.503276933013406591e+00,3.200392344930124144e-01
3.303645957675203082e-01,5.650803142124960488e-01,2.407256271376442491e+00,9.897147118315258396e+00,4.142469473043581818e-01
2.877459169610901979e-01,5.202450907456475093e-01,1.319533557552054148e+00,3.569324849425989932e+00,4.260466672387958065e-01
4.737541425460660705e-01,4.224195724756648618e-01,2.919075237715195392e+00,4.476757987923217996e+00,4.714634924394925930e-01
2.708217276860112599e-01,3.229949373421209802e-01,-1.310280539706436542e-01,2.443697920275394786e+00,5.400903256690474663e-01
4.837824529290245534e-01,5.070291539092105504e-01,-4.376652072075080113e-01,3.903965167552906568e+00,5.349143769669295612e-01
3.399125173858644766e-01,6.795690228312091241e-01,-4.443371971337846560e+00,9.750447654842066214e+00,4.478791649958733245e-01
1.848534902262409796e-01,6.911849264399620996e-01,-3.137902223282206027e+00,5.383897955260215085e+00,6.823617756588687966e-01
2.325522480453872942e-01,6.968708992767055355e-01,-3.858802611247443171e+00,1.662540472639000733e+00,6.751260118306127156e-01
2.859164003334880855e-01,3.766867530658551955e-01,2.053319025779861917e+00,3.813724332703978259e+00,8.197267164944337381e-01
2.279101849963434956e-01,5.246686594038576512e-01,1.560618099998954733e+00,3.836185334069152741e+00,7.827215804514180419e-01
5.250160172337160480e-01,3.784050302278075262e-01,1.917134111757202497e+00,7.415143482300691424e+00,7.358175997559116555e-01
4.500622663123654554e-01,6.999714132209654549e-01,3.924038812188124226e-01,6.256693122018811337e+00,6.052776183008953259e-01
4.622490080398878876e-01,3.341891357444046751e-01,-9.884821062534543401e-01,1.668045732091856248e+00,5.549356179046779358e-01
5.657870676996775705e-01,5.068953164899292485e-01,-2.779488866717637396e+00,2.299013607514000856e+00,7.680210554616039298e-01
2.111091100301941692e-01,6.459331342370443485e-01,-2.276511629545335147e+00,1.049001697679808887e+00,6.296303277020489642e-01
1.145346697789938056e-01,5.583947277586669422e-01,1.529501338614181805e+00,4.351616297344235385e+00,7.194249753477306442e-01
3.177064703447020078e-01,4.403243757108120104e-01,7.728610330810816720e-01,4.850982627328233043e+00,7.140030567598203426e-01
2.989464253095097668e-01,6.327357006061211653e-01,2.218730721742632639e+00,3.028339059646909526e+00,4.985688237567803549e-01
1.380100811555601270e-01,6.925878811158783233e-01,-2.332105155261833040e+00,5.259110258146985295e+00,8.473998349679281450e-01
5.074132351858100520e-01,4.683572505643124329e-01,-4.743888938581255488e-01,5.785829773006341270e+00,3.410036257606611776e-01
3.895348499079752669e-01,3.939093636871902615e-01,2.036397417256655906e+00,7.212540734753670080e+00,7.023678905042806120e-01
3.531882272366602127e-01,5.789365467093452455e-01,1.824260986032531839e+00,4.281091496724259926e+00,5.949265068671238943e-01
1.749139060467423401e-01,3.452612347411311289e-01,-1.133030600877873439e-01,8.074593030312643194e+00,5.273932397198374256e-01
5.635888689454342515e-01,5.930990924625403338e-01,2.326508862124363475e+00,2.265362046609594504e+00,3.753978373118566081e-01
5.110016075232400867e-01,5.827148913056152679e-01,-7.723310678320789435e-01,8.641977466682320141e+00,3.456874680506054620e-01
4.100429802010248093e-01,4.499657676515125271e-01,-1.738328112979221629e-01,1.076666801637008231e+00,3.990605097423943759e-01
2.802714205941367331e-01,5.902876260053417923e-01,1.171810730624930130e+00,3.199598587261110350e+00,4.953396561231564466e-01
2.221756556364197777e-01,3.632726046969648181e-01,4.266731813300497222e-01,8.879700052293681978e+00,4.836883734441145277e-01
1.670073710786712518e-01,5.035882185921011223e-01,1.072303390533813072e-01,1.228667618180930399e+00,6.117048838479554052e-01
3.645566647401283777e-01,6.507742207647759791e-01,3.653955206944914380e-01,6.924265904189905285e+00,4.257131239683060731e-01
5.459052325256887883e-01,4.335242594852998232e-01,2.820597402670540710e+00,1.936008290272097865e+00,5.042406321077916864e-01
3.092880200962498938e-01,4.302256359486106851e-01,2.030016752849209460e+00,3.411856077614644711e+00,7.547835170475075683e-01
3.454255620580548580e-01,6.241469792105565073e-01,-1.677106597831498291e+00,5.366417930264367087e+00,8.955304735875745381e-01
3.041586431136540369e-01,3.217451050888267550e-01,2.083442628857592460e+00,4.969183758002913009e+00,3.901680912148118852e-01
4.590620026944228771e-01,5.783298269926622215e-01,1.616921997887019735e+00,4.044368451696330524e+00,6.922019194127002617e-01
5.837439070525837215e-01,6.280500778165367670e-01,-1.405413985603241045e-01,4.924770750367356342e+00,6.406818248257111215e-01
3.403514019373752308e-01,5.317624591251933763e-01,-3.018496264916396221e+00,9.621846315081093337e+00,5.011739853212451301e-01
2.266539178560366130e-01,5.160524502396802715e-01,2.729127312237059400e+00,3.778210732818307882e+00,6.361207201341776418e-01
3.972685232331097938e-01,3.284808583581256825e-01,3.780186041635118954e+00,7.376937135317492178e+00,3.821002118628687994e-01
3.654509801447349826e-01,5.951900891176957753e-01,-2.426152578377828828e+00,3.159736029768226651e+00,3.481028172601238202e-01
1.004402098197059862e-01,3.243584825745527978e-01,8.580910004650732503e-02,2.829213932697677958e+00,7.481305245742374543e-01
1.549786437793636562e-01,3.438682053056110743e-01,-1.875928799797871971e+00,3.028044126150965187e+00,7.617564207113030061e-01
3.231686537399159898e-01,4.032698124543547813e-01,1.379864257170750008e+00,2.535498085298773852e+00,5.803350558375743873e-01
4.709187122662179537e-01,4.598762577456262379e-01,-6.695257182937366380e-01,5.939504453948734053e+00,6.488113928203492753e-01
5.554890999690432762e-01,5.227785954727744988e-01,6.150931485244379715e-01,5.254446378297823017e+00,4.149881059278675011e-01
3.045837324109401112e-01,6.287760205468291286e-01,-2.317046456657335440e+00,2.603599356237441320e+00,8.575085320322489713e-01
5.036490000091301544e-01,4.035967712003467600e-01,-3.491644590857311936e+00,3.813061172020943523e+00,5.010378535533602795e-01
4.963955957508924266e-01,6.146158121525175932e-01,7.716058590924621541e-01,8.796255736714570617e+00,3.135088714299516521e-01
3.586255427168468790e-01,3.260703976319265229e-01,4.578527251117440855e+00,8.264122727302542160e+00,4.868815015837163473e-01
1.573753990865278674e-01,3.424466220333602928e-01,-1.605097124688540156e+00,9.930469974483580486e+00,6.787708912958488883e-01
3.149799236963669036e-01,5.263065155618282809e-01,4.088970152104435485e+00,8.853854013295340053e+00,4.623369738337895773e-01
2.547589780659958447e-01,3.989322647033566316e-01,2.416980081489302989e+00,3.088955696156042929e+00,7.169005524815280639e-01
1.271764666890880802e-01,6.214724122828698682e-01,-1.631525524915353298e+00,7.444287260477421064e+00,6.378861484504895207e-01
4.908619797584815592e-01,6.096526025714570363e-01,-1.000776920458066321e+00,3.196668272995510929e+00,4.367316934628642233e-01
3.996108320414372139e-01,6.665069102382817912e-01,-7.977741337458352788e-01,3.824352178523160450e+00,4.847159758095749282e-01
2.786834259540190706e-01,4.343974240153026245e-01,2.975678444892384533e-01,2.155206331994021340e+00,4.308084278225249308e-01
2.377025882625472541e-01,3.521209656988029124e-01,3.041351900199028790e+00,2.887523972891087531e+00,6.159145043482004978e-01
4.596397076434592943e-01,6.445347135294809959e-01,7.038087120924076956e-01,5.196474439889528618e+00,6.196720166404888763e-01
1.594561667693229490e-01,4.960564682116563873e-01,2.933550387507654733e+00,4.659497209229710890e+00,6.751098683747909224e-01
5.627922921171811810e-01,6.324867096579670500e-01,-1.680078784818061166e+00,3.159189262116282926e+00,8.615404369799689599e-01
1.020478690351402234e-01,5.026526881074930841e-01,-1.694687697436501050e+00,3.146959697163933090e+00,9.151553678497711397e-01
4.342705918073148652e-01,4.023953670973819952e-01,1.221990268352678655e+00,9.768158528134840424e+00,5.340008959205135852e-01
2.632317879396554039e-01,3.030579794721867670e-01,6.078664050584405842e-01,9.071410542942528465e+00,4.876607527812706344e-01
3.176055803193881810e-01,5.603236278316334751e-01,-7.198171721815427304e-01,2.620630474446644875e+00,8.072076977329881720e-01
4.013290266941687001e-01,6.584905230460561532e-01,1.363083246213795618e+00,4.375103548668252351e+00,5.308899464040363059e-01
2.732915647634799328e-01,3.762175794316465760e-01,-2.316348816564977930e+00,2.704727029893591261e+00,5.212222463296456443e-01
5.185072703261044413e-01,6.240576904634818067e-01,-2.059773231983663244e+00,5.135915832054734231e+00,6.644475594645662397e-01
4.027619267191701047e-01,5.465435815139459974e-01,1.412448147316486491e+00,6.841933177415191025e+00,5.550415073932319920e-01
3.395685618738040201e-01,6.263574188462204262e-01,-8.087108550503323556e-01,3.216700036222108761e+00,8.645861117342708013e-01
3.617217721289532895e-01,3.845240081651417619e-01,-1.020205170093368530e+00,1.654101939238398877e+00,5.907104955832565008e-01
3.373961617444262151e-01,6.123867156755535834e-01,-1.841003931076070632e+00,1.293201025318889918e+00,8.730662332030929562e-01
1.212565967865465999e-01,3.436603391209607228e-01,4.282478857054075050e-01,7.417801734689165372e+00,5.278897318647614023e-01
4.583741953947407799e-01,4.992921107282565218e-01,7.275007869027874108e-01,6.470769596235506071e+00,4.945643896975990828e-01
3.296282695731411749e-01,6.952930430951859142e-01,-2.148151856115862568e+00,6.779076460723286957e+00,3.307145968259028734e-01
5.101233577186254919e-01,6.947469593610664518e-01,-1.359471521517456427e+00,1.702176976651011753e+00,7.737419278738475459e-01
3.988459668497126298e-01,5.438559796052443440e-01,-1.118054616510788080e+00,1.605672806434529143e+00,6.599879311695144857e-01
5.414126249434086935e-01,5.125767963153136098e-01,1.959810926743133841e+00,9.444895360676190066e+00,5.492052390410122609e-01
4.669130239746336342e-01,4.684655893339715327e-01,2.712849788446488830e+00,1.912700858292963435e+00,7.392766353209466734e-01
4.190893299539247829e-01,4.836286311380738612e-01,4.369919705186200432e-01,8.759526477929995281e+00,5.327140725837532509e-01
2.217868122914030127e-01,4.050151561509043874e-01,-6.399417742479842630e-01,8.931863095951760201e+00,4.703452494576365606e-01
2.936996883148393356e-01,5.255014612788944106e-01,2.279029089319225321e+00,3.959334749250327690e+00,7.231934121542045180e-01
4.718979385995702991e-01,4.838927706229950720e-01,1.998262559731131205e+00,1.564975927804429734e+00,5.496945837320471595e-01
3.310915544663851628e-01,6.611037691366619118e-01,-3.358908007283321062e+00,9.762780388695622591e+00,4.310869990368293436e-01
3.475579710915458476e-01,4.621111812789378548e-01,-3.334445509196930502e+00,8.472361420996694648e+00,3.654258103790539725e-01
4.744545312784818059e-01,5.430764300923420773e-01,5.734217490645541204e-01,3.260168152300799704e+00,8.112046645101874676e-01
2.567390001826935775e-01,6.256348101036000031e-01,1.107256239895193062e+00,3.065502154058198592e+00,8.630151570882448331e-01
1.292533942210720987e-01,5.374705969034467845e-01,3.230627076735927972e-01,7.364009873138077644e+00,6.277605379089524762e-01
4.487606480539237941e-01,6.342598317944864172e-01,-1.381257673433667232e+00,9.670128534018616051e+00,3.338491364262191063e-01
3.060286561201650546e-01,5.781840555289969874e-01,2.605287539216187831e+00,5.283009442980366011e+00,4.699031558039703516e-01
5.482781386666869539e-01,5.076947668192559604e-01,-1.600671054602767374e+00,5.951900280429596179e+00,6.664906355515345382e-01
3.897008721977527346e-01,5.494797814226073385e-01,1.174386211700638505e+00,4.314368455720305917e+00,7.529412150622534217e-01
2.114109364339051833e-01,6.711607586587260421e-01,-1.308785861081049884e+00,1.130671923366206810e+00,7.973609998941763033e-01
2.948197091940937264e-01,4.761952742564015129e-01,3.134595006973713183e+00,2.276924888305704719e+00,6.585258903556681087e-01
4.828264880213095633e-01,5.831635006242178454e-01,1.843730812094570126e+00,9.158600598169060802e+00,3.123519543398431408e-01
3.009648522021755035e-01,6.755115672990561482e-01,-2.227740842452478276e+00,6.140628239216254336e+00,8.298676453942696041e-01
1.635565531901054803e-01,3.990085867387402341e-01,-4.204591886400654843e-01,8.005957328112550897e+00,4.539047244489172739e-01
4.871683760374222460e-01,4.790960175678891098e-01,-2.228300296254000834e+00,4.430834943377137236e+00,4.251340513973191904e-01
2.057666358760372183e-01,3.392514692444081881e-01,2.486484804170242313e+00,1.989108067684003167e+00,7.158575062554478619e-01
3.719512907926934009e-01,5.418397455124313034e-01,2.089122652084162368e+00,6.648864603306261500e+00,4.056344755112731848e-01
5.896324636762809712e-01,5.615730753865564306e-01,-3.226677167545981550e+00,3.365817411094360612e+00,5.380101205597912495e-01
4.705135520110879099e-01,6.445918629900121433e-01,3.828862907604522192e-01,5.550356227915347773e+00,3.049306893669704310e-01
1.663677004017913574e-01,5.049326355134378108e-01,-1.844577452775995052e+00,6.781185677799770772e+00,5.607051353853164111e-01
2.874242956379224334e-01,4.750441339550784958e-01,-1.742573879203279219e+00,5.424120843261394320e+00,6.536010260548621442e-01
1.344326804965902400e-01,6.159759786051888231e-01,7.106929083507216305e-01,2.926649070992379364e+00,5.969114430604062216e-01
4.501991915718165371e-01,3.093799253086464973e-01,-1.109065580774861282e+00,4.161583046614657277e+00,4.060568583238711726e-01
3.780494561381587681e-01,6.596296969063852877e-01,-3.813361320095408402e+00,6.123049133134926159e+00,4.254072918182357776e-01
5.498213986988093049e-01,4.050787085509913732e-01,5.958825763897124261e-02,1.931557160397505468e+00,8.330499084711311397e-01
5.793405676346221611e-01,3.465067736026425926e-01,2.215933595701256920e+00,1.370167473652828871e+00,6.437955302595604890e-01
5.982669854022835132e-01,4.333067918756860482e-01,2.088849311485905247e-01,3.717874078607042776e+00,5.838856771528208034e-01
4.228056575825471786e-01,3.942339042884823175e-01,3.508229219613642869e+00,7.667682636753324843e+00,5.044256484524896056e-01
5.087650961293459506e-01,3.537552855566747367e-01,9.070357185861057658e-01,1.490157103795847204e+00,4.175095705372833255e-01
3.626229792701046728e-01,5.155956690462188963e-01,-3.070093214854557662e+00,4.173105523628427349e+00,4.652205966374552970e-01
3.853036474270306044e-01,3.699722152082551840e-01,1.329189907559619854e+00,5.514937335493515391e+00,6.871579210225917667e-01
5.324419868958004676e-01,3.511623720624373335e-01,1.481687003554021942e-02,1.154320038438124918e+00,6.651119163763263842e-01
5.810105938783461932e-01,5.686661329162487899e-01,2.525875743302630205e+00,1.233226144335780372e+00,6.499269884714614642e-01
5.071987833652605859e-01,3.403587737642310707e-01,-2.492005834554749111e+00,3.923400423358231137e+00,6.016106365505823339e-01
5.468055282466257605e-01,3.914852813033375956e-01,-1.577493349487106400e+00,3.461800533582104489e+00,7.543961099620853927e-01
2.823963395846673108e-01,5.097689151214088721e-01,2.463772429010273157e+00,4.182216730758874235e+00,6.389453020573215847e-01
3.366858445711710113e-01,3.870693241768539128e-01,-3.022011409263825499e+00,3.931385252991952850e+00,5.451921180867037586e-01
3.355568257300525215e-01,3.116136431175594024e-01,2.819830067120183692e+00,6.930774484771603738e+00,5.461458650493069555e-01
2.962889347314988098e-01,4.818654066246940149e-01,8.416514526579366162e-01,8.109731334320642304e+00,5.192680057443086472e-01
5.204557703795332779e-01,5.171423882521064552e-01,2.148777262730784621e+00,8.051329871680632522e+00,5.852507809014950713e-01
3.750239220159520270e-01,6.847643310522896209e-01,1.702003445194001152e+00,8.408705987830204620e+00,6.410823259546364339e-01
5.098182115880262044e-01,3.431972599607227559e-01,-1.837999503733774631e+00,8.506144718873601462e+00,6.718741321058032678e-01
5.299481416869991079e-01,6.386007843678246365e-01,1.888951322954942391e+00,9.647745696207934429e+00,5.455983723054353973e-01
5.961187944539262373e-01,3.575275099265373679e-01,1.409417999085103901e+00,6.108910718104620052e+00,6.505622229528790212e-01
2.867981187860004777e-01,6.741245544088758646e-01,1.625758098196106616e+00,7.048187111682697292e+00,4.928484403437417560e-01
4.480735937124031842e-01,4.438905512637227324e-01,7.028198349233871767e-01,3.479780487497321939e+00,8.512072707273025118e-01
2.839533059984719054e-01,3.147393291509592572e-01,1.954078086686531712e+00,7.456267114974661325e+00,5.054664236993111626e-01
5.010371388277841120e-01,6.592194026970499277e-01,1.199230747229224292e+00,1.071721893312818530e+00,3.964353141334978625e-01
2.146812847760767307e-01,3.308842521316690544e-01,-1.595220446654428414e-01,9.242378884760997337e+00,5.200804778718012278e-01
5.786124528350357066e-01,5.936662221126008943e-01,-2.917528944076360542e+00,6.889100849646942137e+00,4.238475511691163211e-01
5.341671754474758282e-01,6.473675137666783375e-01,-1.983955808400713394e+00,1.706702798670322485e+00,7.018153906022382982e-01
1.485814591386058758e-01,4.707678261892904725e-01,1.969298672207533407e+00,1.011639087583387386e+00,7.651626891659902840e-01
3.156831020857882031e-01,3.520970070228834903e-01,-2.028117197096088731e-01,6.527075979527291238e+00,6.088192122119996386e-01
3.606757469690086149e-01,4.060205566580781245e-01,-1.681330365741382060e+00,4.211877817066589813e+00,3.592268967319237616e-01
3.431281501466765249e-01,6.459475574608958270e-01,-7.668916938193426347e-01,9.683443002176165493e+00,4.967150411098243401e-01
4.252789100191436411e-01,5.155870544192803218e-01,2.388729930654563738e+00,8.426199553361552574e+00,4.070743410391018946e-01
4.401856901774880981e-01,6.041224193075962479e-01,1.772466875875372772e+00,1.738280249073482331e+00,8.533821751463109839e-01
3.938537910819007726e-01,6.450039122350463838e-01,1.352898357635986315e+00,3.071429021041288010e+00,6.113842544843635096e-01
1.090123079040624943e-01,3.152139371682741720e-01,-1.928557852158089503e+00,5.605293253178583512e+00,7.156381325864134002e-01
5.583004530045220237e-01,4.264326562175347890e-01,-1.520788019227742538e+00,3.725473936830784094e+00,4.306147759666696384e-01
4.073972734640464166e-01,3.190865493829525001e-01,7.992160319936374435e-01,1.741761216981710492e+00,6.645883573511659481e-01
3.688031980248887010e-01,6.115439905733752735e-01,-9.062594015747391651e-01,7.897506935402021533e+00,4.050390293705156131e-01
2.979940113861024864e-01,6.297655960358974347e-01,-1.982725279194861745e+00,4.165842841887165804e+00,6.083282499714597336e-01
4.920054671373942368e-01,3.087455254307472918e-01,2.012160448619171760e+00,2.083982459558744171e+00,6.245803436127809194e-01
3.135371540781879407e-01,4.873829895728902795e-01,2.413877846218587919e+00,2.088547104356673678e+00,7.214812735158722123e-01
5.262553536942804477e-01,3.604364356599275565e-01,-2.561842208213745753e+00,9.031024970036380495e+00,4.950356888815976575e-01
5.200360495643886471e-01,4.040176549837811715e-01,5.719937909577934576e-01,6.763806335095707389e+00,3.296316424258094457e-01
2.493892305260220488e-01,3.780121134650255565e-01,-8.379962699268581616e-01,4.179993487377203998e+00,5.589551963732618534e-01
5.092148342569434716e-01,3.424034744244677797e-01,6.129091955293120009e-02,1.067803493395012460e+00,7.359631966078022947e-01
4.878220160487153345e-01,5.668132055183534579e-01,-2.131176169359410455e+00,8.676694797747462218e+00,4.220719463672915062e-01
4.057234759331569407e-01,3.696028455549207892e-01,1.194458606872186301e+00,8.571200289184357501e+00,5.527950485228434463e-01
4.027885246883191606e-01,6.706887543716975042e-01,-4.771673643311835633e-01,1.719053744971116959e+00,3.492646512232234768e-01
3.285175910611943806e-01,5.374320903623259760e-01,-1.723569356618202875e+00,3.109141776459888540e+00,5.861830360955736507e-01
4.012197461912250240e-01,4.876745104970717781e-01,-1.609941728627750201e+00,1.506033663157501756e+00,8.479903074966604892e-01
4.417033332607677165e-01,5.855019445156974811e-01,1.375360631942300849e+00,9.067856018693216669e+00,3.438294572664641890e-01
1.729157747403987644e-01,6.966841456517841591e-01,9.844111914158766297e-01,5.254701525621259250e+00,7.908918883248365894e-01
2.799139393887461469e-01,6.415892322969527495e-01,-4.836992817410565415e+00,6.575035086250773375e+00,5.337901136169368455e-01
5.000767062235121907e-01,5.755412963858230757e-01,-8.857866261111793094e-01,1.206244673608140694e+00,9.794153747623953743e-01
4.941885711541516013e-01,6.585642735524844804e-01,-3.448289280863588324e+00,1.083869752590169933e+00,4.700869884454144110e-01
4.263431289942061220e-01,4.188095108199665906e-01,-2.385600409160185897e+00,6.870422005781347430e+00,5.967828068547534892e-01
2.651531112834273340e-01,5.217814586162323742e-01,3.125127401087926415e+00,6.022561412125416069e+00,6.062863671308554858e-01
5.600534391257184774e-01,4.450685580273475161e-01,2.997922310363065890e+00,5.386877263168824648e+00,4.622013604403170106e-01
4.613326138346456329e-01,3.177879414139241909e-01,-1.102682853953540487e-01,2.473036258612866689e+00,8.657676274396298721e-01
5.569102502334363214e-01,5.655604159517149121e-01,-3.943133836141844650e+00,4.123001321922954432e+00,5.508877211388769624e-01
1.683695107057632812e-01,4.315371546352529397e-01,-1.439885431581061859e+00,5.706594188511530774e+00,5.262221867032662592e-01
4.067349064744320009e-01,4.696203372577250068e-01,1.080088027557079222e+00,4.666613957003193036e+00,3.135897675850182198e-01
3.140492962016793177e-01,6.545852927859638903e-01,1.953356855406791937e+00,8.568108433134179691e+00,4.963615001875681942e-01
4.167716966887672347e-01,4.498651166576170812e-01,-1.807251655096399290e+00,8.306059716370796764e+00,5.253353334712074219e-01
3.798895405611447673e-01,3.657632564213781912e-01,3.343730190813317904e+00,2.311466045370601297e+00,3.986126458412243556e-01
5.335738410861782244e-01,5.815175584197878056e-01,-6.174217531376218204e-01,1.455659158382521134e+00,3.192174128398354016e-01
3.627129335243565178e-01,5.403358640451750849e-01,-2.025355015349932675e+00,1.891532974541552559e+00,9.878970871534317189e-01
2.342117505317036774e-01,5.391010328002154850e-01,-6.522286472286795700e-01,1.239031928515629932e+00,6.402113130882968184e-01
1.250658783267778185e-01,6.490571128078279628e-01,-1.752219931913858275e+00,3.101291803214381915e+00,9.369599479056067715e-01
4.728011394133103673e-01,4.297962272868833811e-01,1.195409257437932915e+00,2.048855706911076879e+00,3.608797650048198857e-01
4.775735705762850225e-01,4.696307241571201496e-01,-1.724305074546009564e+00,2.144802758704893897e+00,8.990044894152501298e-01
5.480547871512709834e-01,5.027680623193071519e-01,2.749320012300614735e+00,5.493340880721691022e+00,6.629344675963553257e-01
5.912430592785403727e-01,5.087484675634684761e-01,2.009196170336511322e+00,3.500461607485338078e+00,7.195939000026554400e-01
5.945452330534362062e-01,6.455719525740961640e-01,-1.633428087482041047e+00,6.062376776746284612e+00,3.164698431554598956e-01
5.125853611713491187e-01,5.953463794780911034e-01,-1.530088628641936399e+00,2.164851039298021362e+00,6.164115290444055484e-01
5.228510332324951548e-01,3.485919856839904130e-01,3.480038919936729869e+00,6.925587605018526105e+00,4.946297064133617916e-01
2.888069536923717484e-01,4.838530381910864930e-01,-1.828549504125946967e-01,5.003553103207074138e+00,4.336459005970151326e-01
4.628680397121376355e-01,5.042304260607926025e-01,7.586496280081780341e-01,2.985838792468243685e+00,6.612652852343466892e-01
4.751791097203403869e-01,6.986959734801856392e-01,-3.383342829907016291e+00,7.600316639706407251e+00,5.444740310611705381e-01
2.639596498644938283e-01,3.415021020692789455e-01,-1.137764968860695003e+00,4.956163636159581998e+00,6.240034103759637407e-01
2.681936537658680120e-01,4.320448873193623029e-01,3.910955735194193039e+00,2.660246540306170360e+00,5.560413103031005555e-01
2.891299256687143160e-01,5.558365796624188393e-01,-1.985913347919007421e+00,7.297350675612850779e+00,3.638312873926745628e-01
4.403719030268145040e-01,4.084316584441304299e-01,-1.448135601664027217e+00,3.550141124695012085e+00,4.752812997756883373e-01
4.880847379551551679e-01,6.210249017567115448e-01,7.757992477148434318e-02,2.458692508676321165e+00,7.655956114847655147e-01
3.082480617443841830e-01,6.333081810064242756e-01,-1.054641144736430114e+00,9.819586372910414696e+00,6.011716833191992349e-01
4.743162762283891221e-01,6.605994127914581737e-01,-9.543956918712472870e-01,7.767784182790672176e+00,6.805988903050186334e-01
4.351664124576586357e-01,5.533747759085823059e-01,3.580679142969735551e+00,6.693581327756080945e+00,4.966147941714840197e-01
3.527788972464170891e-01,3.277643771589597854e-01,-1.336284022677305394e+00,3.305810326316659165e+00,4.956542844083883237e-01
1.845198744187045437e-01,4.092478143558960779e-01,-7.618851158041568539e-01,1.103632402603313079e+00,7.163266172461351111e-01
2.733731877351457396e-01,5.719745956132420428e-01,-1.014541251155979040e+00,1.374118521883132438e+00,9.413701592758932923e-01
5.642930818565250473e-01,6.447118143176745475e-01,8.327384179439416556e-01,6.244282144608490626e+00,6.966084799102807423e-01
4.258235149233250416e-01,5.889294640270585912e-01,-3.201757902971396952e+00,5.725996301884459072e+00,6.634327546749765325e-01
4.148490788600596169e-01,6.876362280444335839e-01,2.187938571751138817e+00,9.220805558836172366e+00,4.102126178915754817e-01
4.601930805737226571e-01,4.634555131238948245e-01,1.168159079583201532e+00,3.946129334141293299e+00,6.687589308046940628e-01
4.422566148592281809e-01,6.598664963177237608e-01,3.957051292549600419e-01,7.626188149760036339e+00,4.265462234914761952e-01
3.314126611487741014e-01,4.219778368992618267e-01,5.775549956374979033e-01,2.160144290431778913e+00,9.729910243521894264e-01
5.482065285530892673e-01,5.963064241297931778e-01,-2.280222825047901747e+00,9.020482940209431533e+00,4.372465604165564068e-01
4.731630744188145554e-01,6.940642461092292326e-01,-4.617595789734234124e+00,9.042699363847354732e+00,4.965771604146376195e-01
1.748928001973402702e-01,5.882510320345810673e-01,-1.825264809957442225e+00,8.039703203649025909e+00,6.217455721313887018e-01
4.630088621816529360e-01,3.472902476290607998e-01,-4.981595109074241634e-01,3.939909391925191962e+00,7.738737770309128683e-01
1.976125948140559085e-01,5.108812818028434233e-01,-1.956611378831065284e+00,4.857576522439203792e+00,5.511617748503834235e-01
4.401596197863753002e-01,6.860500632774313434e-01,-1.737265400174714980e+00,9.579449969085265693e+00,3.256699954567158217e-01
1.157859952980799384e-01,5.289569385426138304e-01,2.644527143534133096e+00,8.846858030768938619e+00,5.732812383823415736e-01
5.934998300198500720e-01,6.629417017977623505e-01,1.385686399638274224e+00,2.874029149564007568e+00,4.127802197109566862e-01
3.554583457745797981e-01,3.397704458625893653e-01,-1.693187275143557713e+00,4.792144803286647381e+00,7.093420499744309549e-01
1.642767613804192173e-01,4.575298332413043623e-01,1.523480809988408957e+00,9.924713506604105007e+00,5.574950227710212536e-01
3.908693031878280877e-01,6.882472045693213136e-01,-3.151583865829842068e+00,1.533790607122242688e+00,8.938597620126145227e-01
4.607301694379934975e-01,5.746304825657537751e-01,2.157239578998440876e+00,4.956223865340366075e+00,5.749605850102748050e-01
4.157208307845866591e-01,3.570761436521308063e-01,2.889502101109889587e+00,2.814710562117292980e+00,6.308554377404167468e-01
1.626170109133088237e-01,4.809150562717356969e-01,7.132419210035934043e-02,6.278904265554272612e+00,4.736207644812122641e-01
1.957150604607331701e-01,5.718540910842226932e-01,6.844518643732122598e-01,3.600837067865298113e+00,6.391487741800802036e-01
4.893430031801855318e-01,4.137653927369792650e-01,2.526153205858818751e-01,4.650166114817473328e+00,5.138174173375903431e-01
3.498410101061166233e-01,4.279315540130519402e-01,-6.586464113425858358e-01,5.884602104463795946e+00,6.945144943941616855e-01
4.297835628777381123e-01,4.661364921816991136e-01,-1.199518034264280164e+00,5.152101464147919252e+00,3.230119830717632645e-01
1.232704416933895347e-01,3.488998994429443612e-01,-1.625391068640216652e+00,2.639858535306716547e+00,8.405429185184339902e-01
3.733995280034039244e-01,5.710691827572202950e-01,1.805927098002158004e-01,8.331402573244830023e+00,5.289188022160334901e-01
3.906360429661499545e-01,6.121450008062221393e-01,-1.619929924317288883e+00,5.429972648950590397e+00,3.828894257521648914e-01
4.654010955499066071e-01,3.330968330494326057e-01,-1.052124267062926499e+00,9.452049372688916762e+00,4.424750076991370573e-01
4.990472376287256040e-01,5.586194638295289838e-01,-1.872519731971607371e+00,9.123009881814343913e+00,4.628982250852300417e-01
3.564050147052376660e-01,6.108675420611134887e-01,5.476205747894100639e-01,1.314660621413810571e+00,6.549814337838241185e-01
5.660332274465256219e-01,6.178812502415361729e-01,2.351497326901076157e+00,4.762591513144488253e+00,4.196991615291820743e-01
4.682253057252481199e-01,3.775645851075605242e-01,-2.357279942610110091e+00,8.484528265590032703e+00,5.458319561225328798e-01
4.828652789653165023e-01,3.405187710353575481e-01,2.557253410500496038e+00,3.408708371308654339e+00,8.043950319005956917e-01
4.773990567871172486e-01,6.288501366166776574e-01,-8.332132812116714859e-01,9.483075269372418958e+00,6.107185565936922300e-01
4.633038532226934070e-01,6.377659875541499268e-01,-7.673024002171020541e-01,9.574386863252833280e+00,5.127403604920637292e-01
3.764161527484578551e-01,6.827618626584748274e-01,5.730754208206310096e-01,9.079598271221186678e+00,2.945968361875174191e-01
3.120581726424221936e-01,4.174559930152101916e-01,-1.680228898856807707e+00,7.907127362471026544e+00,3.894952513793940030e-01
3.835429616777952244e-01,4.965518372199485553e-01,1.351843123346664122e+00,2.382580786221039304e+00,8.345230633442980439e-01
2.435162267919212531e-01,6.222247489426595557e-01,-8.997771977023489853e-01,4.645330545942936595e+00,5.884352996741808450e-01
4.875220551098413679e-01,6.594413606578981568e-01,-2.097819239409175029e+00,1.128222915280545635e+00,8.684603120815802546e-01
2.207290835622475744e-01,3.530453470727928922e-01,-8.736968789422903114e-01,3.574773133231789579e+00,7.669708599816491557e-01
4.622982299062318168e-01,4.969892826399932018e-01,2.414057644949572534e+00,5.869593896255371313e+00,6.938367237060369952e-01
2.245559000896343860e-01,6.797253152991686864e-01,2.720722015940291172e-01,5.448867554946835057e+00,6.995174291166446068e-01
1.843826257508874855e-01,4.008469258613871489e-01,-1.698235721084486283e+00,3.835928332928138396e+00,5.718974528683311576e-01
3.318497099582331522e-01,6.819505353879836695e-01,-2.291456110861768813e+00,6.744933557403553159e+00,6.929270939429437171e-01
3.533886034260186326e-01,5.847722935153001345e-01,1.420560577520596723e+00,5.884748228898347477e+00,3.889106083634366051e-01
4.295516645324360949e-01,3.270228920820253959e-01,-3.578688028406596722e+00,8.098510376280685819e+00,4.072554972553420471e-01
1.384120982099708574e-01,6.535923144796285111e-01,-5.850494029871171620e-01,9.221449041243568345e+00,5.505567847461685371e-01
3.361280303987080331e-01,4.921130336725422216e-01,-2.143922944299463396e-01,5.599715030034936092e+00,4.236314194993537896e-01
3.949791229385953839e-01,3.175570876234116713e-01,7.718488589246677023e-01,3.532895648899518459e+00,4.606216418513094935e-01
5.018364602277581854e-01,6.189696103891463297e-01,1.938465577448702959e+00,9.142022301422194630e+00,4.189995218310489378e-01
3.074019783613718415e-01,4.370315975752931403e-01,-1.987692930835195604e+00,4.757654237139655962e+00,6.366915596596127713e-01
4.368260093633150598e-01,5.557446375367947056e-01,-5.769008762281622182e-01,5.352737755425378552e+00,4.835118432102942787e-01
4.401918503259022453e-01,3.001048384225796783e-01,2.501875577673685846e+00,7.530515305859198705e+00,3.546978726650383829e-01
3.305337494960771116e-01,3.690787503633161659e-01,1.507470012232196233e+00,7.561875644777798833e+00,7.098957536170822369e-01
2.569972799271325603e-01,4.275138903548185154e-01,-2.405894050375590787e+00,9.499180072027979094e+00,7.088877669500138756e-01
5.227655494056651087e-01,3.095509444656733278e-01,2.760967554547547387e+00,3.034155758625769916e+00,5.164593560516242965e-01
1.101252453802690351e-01,6.141082303987747126e-01,-1.109630840646391281e+00,6.007292616317185363e+00,5.001968916065794302e-01
5.121998268598703108e-01,5.440626613488163121e-01,-1.046411181674038460e+00,3.435742504307318423e+00,6.696312848074865709e-01
3.033241884588256387e-01,6.183853985717040480e-01,2.299598250814002043e+00,3.473634811021761859e+00,5.112241987651505726e-01
3.012344960279090822e-01,6.334419637035938466e-01,2.587587730878874837e+00,3.645818914494438623e+00,5.364538742819333628e-01
1.743464586543068684e-01,6.996112084410884835e-01,-1.227951601305878881e+00,7.219638308506960200e+00,4.955200415077868348e-01
2.267708559893018561e-01,6.675789800778330063e-01,-1.530775960491546073e-01,3.262684738246551142e+00,8.342497662273351544e-01
5.588158552214771424e-01,4.832435177320238973e-01,-1.856984800993677354e+00,5.451201940094875020e+00,4.374986259642907882e-01
1.158170491982645489e-01,6.137294741312129265e-01,-2.904060179243411532e+00,8.616143343998697191e+00,5.814317955712441366e-01
2.158336807860125606e-01,3.101686848218301873e-01,-1.630230844395075707e+00,2.164602615789097850e+00,9.412055876453905290e-01
3.314030439602026479e-01,3.836269956661022551e-01,2.187366909443265506e+00,5.225928288194628735e+00,4.440633028049426612e-01
1.704468413256123305e-01,5.903174974887503978e-01,-2.988861786988101343e+00,4.487704239084115976e+00,6.814833354989345837e-01
5.617526091915181485e-01,4.027897022812674810e-01,-1.974880407951410177e+00,3.157174017511741315e+00,4.336580489333291544e-01
1.323592257781224801e-01,4.470266579479462155e-01,2.038531879787602641e+00,9.519197273638269508e+00,4.892031501848593811e-01
3.844105629866336749e-01,5.843863085795810708e-01,-2.006481470359828378e+00,5.494141199974289513e+00,4.055718124473799424e-01
2.015593494608542979e-01,3.758278130209566914e-01,-1.131647974868510875e+00,1.945131869555401627e+00,7.622904637854670540e-01
5.896944025445503001e-01,4.508901625080863340e-01,1.328605973561204578e+00,2.804528810751008017e+00,3.378213265934343346e-01
2.205552115800148982e-01,5.549518569137608104e-01,-2.179192872912523171e-01,6.211432932389270967e+00,6.498825251436745054e-01
3.565000576918566644e-01,6.344713220129731823e-01,-3.169951544864710868e-01,1.200854820731913408e+00,3.470982510053212122e-01
2.047132572864567013e-01,3.191065618595052000e-01,9.441738450942338545e-01,3.149146239481676712e+00,5.925306039461180063e-01
3.055838830958500507e-01,3.327433863113274382e-01,-1.686353409698462258e+00,6.496483210802485253e+00,5.094710281023463461e-01
2.928698179332960838e-01,5.902274839157239938e-01,-3.409607224457266383e+00,5.585760510078067398e+00,5.402939155065250576e-01
2.548507215607933585e-01,5.644928178325178125e-01,-1.274954520161485583e+00,4.813768540480057645e+00,6.929798973120553374e-01
4.531812171615581253e-01,6.464637577354070963e-01,-2.775849424523739284e+00,5.541834506078297196e+00,4.506708834831794075e-01
4.222510045373382148e-01,4.600647714052987780e-01,-3.469180230097397288e+00,6.234809100261123227e+00,5.968630509864815137e-01
4.030721992713541812e-01,6.713963868222554421e-01,-1.735511781665000974e+00,7.027171614879159200e+00,7.706567026523251096e-01
3.914077134986159168e-01,6.390621459438740048e-01,9.484329183123207940e-01,8.949095793468382354e+00,5.640993091999211284e-01
5.258180823365515844e-01,3.113176080907480991e-01,-2.088539931330525512e+00,2.999114816562025609e+00,5.884652478248618701e-01
5.603698323122245917e-01,6.204707667065364474e-01,-4.048941016503375678e+00,8.431366272573857401e+00,3.991684392619515576e-01
2.552042355225361270e-01,3.410464386406277804e-01,-1.082577630304522032e-01,5.255927342134429026e+00,6.934913718282467165e-01
2.434257796643784222e-01,5.756874623723298168e-01,-1.712657594912114334e+00,5.265173374575895515e+00,5.588423706489015208e-01
5.543468188865944279e-01,3.261441442877682229e-01,1.832638710561138140e+00,8.513480204823750341e+00,5.719743858007534376e-01
5.925946269858108906e-01,4.731793326137613276e-01,3.040303483329905632e+00,5.879351147428765856e+00,5.577537581267919542e-01
4.243417134171698635e-01,3.969733159724315730e-01,3.716333420870734372e+00,9.193055451698024072e+00,3.934364134494591214e-01
3.610774685974431630e-01,4.940542288458136255e-01,1.421346845704182016e+00,1.934035467782725393e+00,8.050268420193140706e-01
4.532423059138589450e-01,4.011162361381569452e-01,4.069906456165384157e-02,8.935774355454807250e+00,4.128271498619723312e-01
3.714290569407308062e-01,4.531032247550825787e-01,1.404408304586084455e-01,6.414526690686436439e+00,3.343374840250162849e-01
5.561608966185725977e-01,4.453646825635331763e-01,2.798637865453144080e+00,4.363094778086813896e+00,4.685509004305393743e-01
5.231594812064692679e-01,4.022952034414817857e-01,1.122985259691601456e+00,1.967503735412634347e+00,4.501793933539661730e-01
5.885816575129187989e-01,3.068753622449438834e-01,3.538531947081535733e+00,1.583621665429688852e+00,5.921091427269108420e-01
2.819092103992957288e-01,5.762233507289440393e-01,1.353175811989793864e+00,4.492518694641773891e+00,5.780783249953850289e-01
3.353917324444014580e-01,6.531678093070183433e-01,-3.920810360899587010e-01,3.539246141855122652e+00,6.309310230326987678e-01
4.569006006131887121e-01,6.695612029132910203e-01,1.433076012531121712e+00,2.502256493623858269e+00,5.255753281715286329e-01
3.648094726173894964e-01,4.378992822507801752e-01,-2.272812148786766517e+00,7.037085945195598491e+00,4.128918003134944836e-01
3.438261942470089982e-01,6.841410364816147283e-01,-7.764422876009522412e-01,9.291849622860087976e+00,5.391353770028214365e-01
1.193057856722988808e-01,5.240644194421437696e-01,-2.023513002046177345e+00,9.754845700488342430e+00,7.085863262556835185e-01
1.785712647378751572e-01,3.998738023694641819e-01,4.557703361544485077e-01,6.979003404092219753e+00,4.629984347444652260e-01
4.668547456995714162e-01,6.368941618971564189e-01,1.978042356657617518e+00,7.030989487024527307e+00,4.200321269038372884e-01
3.723556249382534711e-01,3.456497605208531665e-01,-7.895944309800579930e-01,9.919546982392517975e+00,4.002275664715950754e-01
4.208731878856497577e-01,5.291146529804449106e-01,-4.560920960552214964e-01,3.860585743859847430e+00,5.770978873931728037e-01
3.134272317897965898e-01,5.963153219652437276e-01,-2.687603357911827473e-01,2.517462901153812105e+00,6.396728718337667541e-01
2.823754666684821224e-01,4.148336742244249642e-01,-2.265576804936400457e+00,6.132253572443608469e+00,4.413480751677287817e-01
3.866719663823612319e-01,6.833333131494757628e-01,5.501371214104970875e-01,2.093264884486212729e+00,3.831888458538212916e-01
5.650870806290105852e-01,4.336308873035275568e-01,-1.993292314959234091e+00,8.599456037717269297e+00,5.072320536733261331e-01
1.494357699378906779e-01,6.786979855208605805e-01,1.686485868463286408e+00,2.628140324338951395e+00,7.327799067903391084e-01
2.834806231858238990e-01,6.314079717174295725e-01,-1.910806525358879071e+00,3.146169466171304219e+00,4.037229934203204751e-01
4.227397410299692515e-01,5.058297680617738212e-01,-1.633848412844030484e+00,6.315502853489669555e+00,7.440363847861662938e-01
3.220949817082315314e-01,3.955522535365825765e-01,9.692835235638614932e-01,7.015043844506985593e+00,6.065064500808203807e-01
2.935671972257106743e-01,6.016113646928968883e-01,1.815778945578419012e+00,5.091848758168340261e+00,4.701282072118797561e-01
5.591460909166692250e-01,3.927681200095270442e-01,2.401703056256243585e+00,5.412899534331605977e+00,5.909410216302877217e-01
2.752516764783121683e-01,4.035228217695900899e-01,-2.117644892605587970e+00,6.188814987565333325e+00,4.851749013489647933e-01
4.607295418809497223e-01,6.367297850466192566e-01,1.299544512532095020e+00,1.829712156622748109e+00,8.235902726257827711e-01
2.765455493877608806e-01,3.458085933390407929e-01,3.412563094555338239e+00,3.986309783408109375e+00,6.189777730100167741e-01
5.639013537581983870e-01,6.204394361306363459e-01,-7.787941629460384263e-01,9.813729002547123770e+00,4.386419005017211381e-01
5.591916584701493997e-01,5.906882041632333102e-01,1.228968359449771341e+00,7.714574504334258620e+00,4.914314685225094070e-01
5.541042104103602872e-01,4.378633572686934650e-01,1.728602085423618817e+00,2.205861120023232758e+00,5.358334803116920897e-01
3.123610701978123405e-01,6.186070264036931388e-01,-3.867727576972725956e+00,9.849730784022622032e+00,5.083098838319101143e-01
1.283170333014810593e-01,4.431128422552081947e-01,-1.344201482094934619e+00,8.176420494736635902e+00,5.420019837765274184e-01
4.862755326398281452e-01,5.117017058329826895e-01,3.585694215153454323e+00,6.461674022407547291e+00,5.452941931832473443e-01
5.081438578841001030e-01,5.202038386565894790e-01,-2.744741368572532814e+00,7.540714289532705727e+00,4.500751575188076670e-01
3.504316252226957751e-01,3.629875035268104733e-01,2.232224389548785659e+00,4.806924104803607101e+00,5.277388617997260667e-01
5.400282615699697475e-01,3.458868071746775130e-01,-6.055749611677132549e-01,7.831673222849747873e+00,3.361766795777177963e-01
2.721841244082344735e-01,4.951903452046778065e-01,-2.859193942917413356e+00,5.020976572855605724e+00,6.143589488764878981e-01
2.349760479551500914e-01,4.580308310777710945e-01,1.275182246159928923e+00,3.857577073137731460e+00,6.639098657718460750e-01
4.949291135363779182e-01,5.583804306126611827e-01,-6.870617384326918042e-01,3.999954179870615523e+00,4.385476289440058961e-01
5.249217236562673250e-01,5.867617596595239293e-01,-2.353072548932930275e+00,3.300141360612948382e+00,4.776926488674961835e-01
3.779952238094858030e-01,6.431288776733683488e-01,3.635607389637183218e-01,1.668453419491304990e+00,6.109230473578348697e-01
3.977085520036158783e-01,5.518911385990945551e-01,1.635281484932500362e+00,1.485847882412352439e+00,9.852396051904458441e-01
5.571277923965624046e-01,5.858540887541807685e-01,1.771222945925079451e+00,2.905660833062574167e+00,9.126758904898314428e-01
1.751151245878154183e-01,3.051234078036944020e-01,1.001892944948812314e+00,2.472286040395911932e+00,7.413946552680891200e-01
3.199009995795271122e-01,3.448812076129143533e-01,1.629330594489176498e+00,2.526805960381640404e+00,6.963407088097112174e-01
5.036256133277866587e-01,5.565127004410628242e-01,-1.184814269335999093e+00,4.405819722649042092e+00,4.920192878944923409e-01
1.614057327215604742e-01,6.861093443889435539e-01,-2.242164683174276085e+00,2.375446500344035705e+00,9.769254965329546847e-01
1.092228561934043135e-01,3.478012290886067781e-01,2.802079688635416233e+00,6.267053245694673258e+00,6.765527344679376220e-01
5.558148728308317521e-01,3.567710022316000762e-01,-1.470061185099883261e+00,2.731944289295078931e+00,5.926977583780164149e-01
1.849032157136102639e-01,6.276255379436059822e-01,-2.903022330419533503e-01,5.985444315711150765e+00,5.560611770457178915e-01
3.968727959057485322e-01,4.318032677158089028e-01,4.882065527292533957e-01,1.556822280495980371e+00,9.749588019724400034e-01
5.911875152122263444e-01,3.599256026155627231e-01,9.010604214162647452e-01,5.354067244962529948e+00,6.880026473682726573e-01
4.226203763047275963e-01,4.953001980189288833e-01,-9.774181313981129549e-01,2.546867335329454196e+00,3.612182042179531427e-01
4.999309268834261077e-01,6.899272205184260320e-01,6.739552274213833627e-01,4.354093384272172074e+00,7.793673611837782511e-01
4.249144221842894309e-01,4.553427037719162129e-01,-2.755486706906986605e+00,7.475322869179954033e+00,4.105047282030729328e-01
4.347015333724648656e-01,5.366344734600274613e-01,-3.377038747864566037e+00,3.295885944054694150e+00,4.998323371089291589e-01
2.766137694014331183e-01,3.455109305165628975e-01,1.745243670281714898e+00,5.372177129209298130e+00,7.527480300940567748e-01
4.017382615807232327e-01,5.508967098455079814e-01,1.958699657539083816e+00,4.324573161688116230e+00,6.504631678421635144e-01
5.689987430957085257e-01,6.327384229985446584e-01,3.022127320782876936e+00,4.752187898991966364e+00,5.812390341997105692e-01
4.323934994180486102e-01,3.357600420786500117e-01,1.215432487483825597e+00,1.600300672593721441e+00,3.826232436612924115e-01
4.577153021610224082e-01,4.837069266313944738e-01,3.481705835555828799e+00,3.795651030853396612e+00,5.637905053195283456e-01
5.036781205578620968e-01,4.755343485712545948e-01,1.495130560043160806e+00,8.605108820743637921e+00,5.575864810935617921e-01
2.450607504296451189e-01,5.708190396478267647e-01,1.024045732655435970e+00,5.249217212229910778e+00,5.359274740498501943e-01
3.344758678724560896e-01,5.702880000880823363e-01,-1.616589744679099994e+00,1.330805710928631536e+00,8.002548335579994232e-01
3.824304686010151499e-01,6.646942085878496664e-01,-2.888654835734437487e+00,2.560376970504949945e+00,7.134845428633040942e-01
4.975134242711499732e-01,6.365993455641234533e-01,5.579237163898707053e-01,8.140101154049013132e+00,4.506014421353798927e-01
5.311543365641349101e-01,3.508446579869607951e-01,2.940710459926695108e+00,6.607588200652876331e+00,3.626329245784229993e-01
4.474955315101498687e-01,3.712712215821932782e-01,-2.477521061878067865e+00,2.469856033882623425e+00,9.175839007472816888e-01
5.701199275802628641e-01,3.845098035896279964e-01,3.348332970102354977e+00,9.242488145380676201e+00,4.518341431823125198e-01
4.671530468542486325e-01,6.941851156030450776e-01,2.721241629491698788e+00,9.424988038456231010e+00,4.937919155025886075e-01
3.721337923910967849e-01,5.748326665322973650e-01,-1.163291626867268391e+00,2.708305599271716879e+00,5.576285558499908257e-01
4.186916408707198611e-01,4.306418092621588367e-01,-1.723295702273462737e+00,4.135291498145638123e+00,4.805052651005902176e-01
4.195574336635177204e-01,6.814372876238606880e-01,2.066076534752083305e+00,9.949671421210915412e+00,5.144869981309913021e-01
5.343586628434982000e-01,4.434752743705110412e-01,3.699709796368015446e+00,6.377288823408968632e+00,4.173660367862251919e-01
3.357896409268068538e-01,3.797454378154714316e-01,-2.215521550531422967e+00,2.574436848818360879e+00,5.109465761931443195e-01
4.111938573935400854e-01,5.933057229315696901e-01,-2.491071519083272179e-01,2.722430375147771642e+00,5.822450634909568379e-01
2.705773034343864070e-01,5.349609856602659530e-01,4.016411304347471400e-01,6.136012347397995725e+00,5.632642478573538503e-01
2.725736757751916484e-01,5.368224498102314168e-01,6.073614734496457501e-01,9.185051484422082524e+00,5.700569592793605089e-01
4.382239413416512130e-01,3.718554850952885404e-01,1.912828073578959120e+00,2.252010733258845931e+00,4.365786105312513543e-01
2.423166783008510183e-01,6.090897702039634876e-01,1.143394105710275888e+00,1.209841710240301182e+00,9.230378949229759433e-01
5.241110136651448981e-01,3.817476232767724742e-01,3.181440979181447304e+00,5.977569979940391853e+00,3.855542651524539455e-01
2.209468769473813821e-01,4.538133743623068983e-01,2.584161521294170427e-02,6.356337934197795470e+00,4.833392474375368675e-01
1.701004831814695029e-01,4.826406152507361491e-01,-1.765754524359342881e+00,9.197369362726092845e+00,4.609910118880293783e-01
4.611625469368590968e-01,3.190884540802405023e-01,-1.998820002580888655e+00,8.043020222500945948e+00,5.472749624745993913e-01
3.998128176757700381e-01,4.178838957171241986e-01,-1.575318071395664710e+00,3.877697070249795708e+00,4.809788560256711420e-01
1.437074963245908998e-01,4.037804440156754771e-01,2.429004617922131182e+00,1.727529854769632056e+00,6.621067774270621431e-01
4.790627933571436348e-01,6.560991542329061010e-01,6.825634973755523305e-01,2.491219294194853440e+00,4.853593865154035569e-01
5.360270371090573027e-01,3.476080608380331394e-01,-2.244971532521855995e+00,3.471368620714572195e+00,7.080308209209063008e-01
4.032581704445404869e-01,5.073371852496386669e-01,-1.038032329066564952e+00,8.521632244839278059e+00,3.388170564086008252e-01
2.420447577605014666e-01,4.309236052594638267e-01,1.725487744850391358e+00,9.413726984522710950e+00,6.887490499600334992e-01
5.156909941620203552e-01,6.632907014874822593e-01,-1.436350345830637920e+00,9.041487423958972869e+00,4.118375350134415580e-01
3.075355486013381379e-01,4.521684501779798526e-01,-9.481965390095448143e-01,2.632394823104462933e+00,9.000098165533414463e-01
3.799261946366185860e-01,6.856659643996179110e-01,1.613915721816781002e-01,7.913467328075523000e+00,6.030618898409756401e-01
4.328601868437472744e-01,3.052111910516921434e-01,9.612336193350827784e-01,1.618391021732967339e+00,5.510793388465047293e-01
2.875812502212663491e-01,4.438863294018193240e-01,1.350348997781338767e+00,3.932084938972992383e+00,8.507282202869856924e-01
5.477495271196529680e-01,4.609587686618649705e-01,1.114222048224863926e+00,3.105252321110322455e+00,7.408662364863587424e-01
5.208299146271532232e-01,3.902956538448169588e-01,-9.325616029558814191e-01,1.710791161393693027e+00,9.623344796763956266e-01
5.929970044417200992e-01,6.186273815421630129e-01,1.061735301024046230e+00,5.952286949219534051e+00,5.325336203682839997e-01
2.157002365681061073e-01,4.818628156677385310e-01,-2.032750753924933207e+00,8.383406696970361338e+00,5.353550741138216607e-01
2.188966376212650444e-01,3.719176203857099128e-01,1.995476172833647865e+00,5.910883256797291985e+00,6.800377924571836541e-01
5.452022277388594018e-01,4.161374388245258626e-01,-2.983839454248921719e+00,6.721614981801624644e+00,3.767446328582555459e-01
2.044131973288592086e-01,3.817685724210378440e-01,-6.885416168853710772e-01,4.009771413310458499e+00,7.005494276152249844e-01
1.810394503974094849e-01,3.727131475650975467e-01,-2.540283777888018957e+00,5.288094965652455848e+00,6.176189463675511027e-01
1.380964524815474215e-01,5.174477243756256950e-01,1.971345103007281274e+00,3.358340126323109853e+00,8.096727298986314825e-01
5.345973930061357349e-01,3.440112902344276691e-01,-1.146891883206798024e+00,9.883326885764796899e+00,3.849833582036520374e-01
1.090226874412685426e-01,3.930031219486561644e-01,-5.818901832741829594e-01,2.843911699722529995e+00,6.188799243578372300e-01
1.056123296528177907e-01,5.594279491893947576e-01,8.949046093424559700e-01,4.688849547827085296e+00,6.575678144748218212e-01
5.074987719513106565e-01,3.670260122799978708e-01,-3.745362024377278942e-01,7.382929067597696182e+00,4.413168683487798116e-01
1.128113850316558031e-01,4.814633880280335676e-01,-4.126782865063827188e-01,6.494300149915269493e+00,5.356712558718581541e-01
2.296957808587716254e-01,3.148856777697107701e-01,2.403750892685688534e+00,3.232561092317748130e+00,7.086896632146849617e-01
1.695822290046391512e-01,5.140921469253253440e-01,-2.322297891871303754e+00,9.531458671567664354e+00,5.704413378350888797e-01
5.532133957620488651e-01,5.531622204446924318e-01,1.150204468624535181e+00,3.338639972364726649e+00,9.546753073661654598e-01
1.582519291631499792e-01,5.206793450416205005e-01,-3.681118652345141129e-01,8.861607066319184156e+00,4.204666450148383250e-01
4.866031414270250988e-01,6.536176742655783745e-01,-2.137078635877241339e+00,8.361632782606925218e+00,7.578842786682873367e-01
5.814135119858642176e-01,3.127408350240223345e-01,-3.913611525900142496e-01,1.208228272233058620e+00,9.141242125587311085e-01
5.368944711538767844e-01,6.325825701015759250e-01,-2.489178237245432967e-01,4.836393067520283751e+00,6.307131064226263462e-01
4.983649760125962169e-01,5.150996441453559171e-01,4.942512470641888811e-01,1.241226830945404203e+00,7.365262932883753777e-01
2.467279924295586457e-01,3.666766462496185430e-01,-1.968184231520996974e+00,9.672954418352830430e+00,5.460502118134421545e-01
3.685346184978838258e-01,3.972427351602876300e-01,2.364267560825769721e+00,2.627382987306742468e+00,8.046821946707637396e-01
4.650916578004713475e-01,5.606693385797332230e-01,-2.728619544488189330e+00,7.349012390681718188e+00,6.198936612680799874e-01
2.833130656417827131e-01,3.900254919832695233e-01,4.105468869938635024e+00,8.757699197964514681e+00,5.741875289342043276e-01
2.667096559617543328e-01,4.502563905210603679e-01,9.751302366554526202e-03,3.933077316796652401e+00,4.412154461459113497e-01
3.913705942569771778e-01,3.538203500877290519e-01,-1.810411589446346170e+00,9.455856114646588040e+00,5.592224722217372657e-01
5.274551985425522949e-01,5.707417464661166395e-01,-2.424229219708224914e+00,9.299830977442562485e+00,5.251002810758610417e-01
5.969247434061079050e-01,5.543039696614766587e-01,1.344138409575617921e+00,7.177621727713467514e+00,3.860879219489464775e-01
1.610062024836698413e-01,3.781169534534870591e-01,2.256830598988414316e+00,4.367411721881691022e+00,6.336425923485330403e-01
3.750692240980229020e-01,4.837156714542658609e-01,-2.635152416270063469e-01,7.599612159341985418e+00,3.019736708325263530e-01
3.986297917291801163e-01,5.361977219282167972e-01,-2.122734117652132380e+00,9.050237689112517359e+00,6.006803265488039889e-01
4.744306910579050296e-01,5.687318095734403833e-01,1.858014637484056486e+00,5.297600245277888753e+00,4.869345328404144357e-01
5.311005429387719579e-01,4.409959106742733503e-01,-3.766720403993497612e-01,8.258970755908546124e+00,5.769468732779472475e-01
3.928665602926657563e-01,5.547754593067728557e-01,2.328431511886742911e+00,1.225527377122512362e+00,8.679784855007034450e-01
2.891441674929517980e-01,4.981167005754052468e-01,-2.821732605739096567e+00,9.298046667447096070e+00,3.876053706582298641e-01
3.091942742654802401e-01,3.587967580921481714e-01,6.162399925669737044e-01,1.049689223937332549e+00,8.207586619174370712e-01
4.776980355616756713e-01,5.880464713028137336e-01,-5.285058265851665382e-01,8.403856890917616340e+00,3.627039007124637227e-01
3.975337211341227750e-01,5.602830953830559846e-01,1.607282694844479387e+00,3.727699199622106718e+00,8.320396280309116932e-01
4.068862327377636978e-01,3.427557429363630170e-01,2.266702405307448487e+00,8.212065827080550662e+00,4.526497026127924705e-01
3.797094122353542600e-01,6.216395688048600432e-01,1.664884386778221703e+00,8.675259351103550287e+00,4.448218529322348624e-01
3.195843340930004106e-01,6.156640856310124921e-01,3.623259036448143178e-01,5.490733379087819443e+00,3.865300501313657655e-01
3.990595430107978236e-01,4.080485073378014027e-01,-5.240615177620533416e-03,1.513175648984119714e+00,4.256908247926732836e-01
4.554094988597784388e-01,4.978767150897704385e-01,2.796653391875448591e+00,1.563624435622058328e+00,7.036939892507121375e-01
5.813741227915997234e-01,4.946750142057801947e-01,-3.853907407117598716e+00,4.594117106127193040e+00,4.366579591087772494e-01
4.858094865701020337e-01,6.101885884362130419e-01,2.261969023093739040e+00,3.722521766971709667e+00,5.952145205425163343e-01
5.025461357798780559e-01,3.374101897407218442e-01,2.964863859656018619e+00,6.685988761195599928e+00,7.351365599097335890e-01
4.380431249763916401e-01,3.144866015113689794e-01,2.845647730473348958e+00,3.587183138853867970e+00,6.769694080145809423e-01
1.248413814236983832e-01,5.879369387434661975e-01,8.825689973363441965e-01,6.306056492654540158e+00,6.418603894191485804e-01
5.174685352026422436e-01,5.685062284591326787e-01,1.982234194240964698e+00,4.238963864908210866e+00,3.972808530171848540e-01
3.696820768017350378e-01,5.509236445163443463e-01,-1.354548243334515067e+00,9.274135801353084574e+00,4.640794839788643378e-01
4.165815233649859950e-01,6.125325153189726812e-01,5.255677095758626294e-01,6.893745574532421649e+00,5.045742372915905660e-01
5.956161910780694013e-01,5.007388341123907294e-01,-1.122180950094961993e+00,3.475561000362966446e+00,7.742483382837599404e-01
3.734475189563216668e-01,5.139711599647770468e-01,-7.193966322987472850e-01,8.779420111487013401e+00,6.017837874495374217e-01
3.696718195471201396e-01,6.764202957042821929e-01,-1.253440709064205905e+00,3.364366881228137540e+00,3.110437383083208829e-01
3.030867275855800846e-01,6.957508412132706876e-01,8.440508905325394551e-01,3.438641703985580111e+00,5.846612154884269774e-01
5.381966418826067411e-01,3.074520412958357540e-01,4.486425728121055556e+00,1.978794275337824260e+00,7.209991085748395090e-01
2.890054245140397104e-01,3.926990489687541830e-01,1.380231057323797472e+00,4.555765119150400722e+00,8.180788279133236474e-01
2.930741539485705593e-01,6.627889088128519068e-01,-9.649357947865047080e-01,5.011511419471330164e+00,3.989060401684642043e-01
3.614533138237367993e-01,5.839618139874906966e-01,9.806305097311618368e-01,2.429882796782071530e+00,4.703567283614730199e-01
4.799773410890080250e-01,5.226226669312974416e-01,-9.374882364446506244e-01,3.035404678762427810e+00,4.001957974293980369e-01
3.919294479134262099e-01,3.625180609141644417e-01,2.367242921913723208e+00,3.408089610660990587e+00,8.953517844624759858e-01
3.455784938204062851e-01,3.312882199769546787e-01,2.513110822151034540e-01,4.724220598021866557e+00,4.790658092323692996e-01
4.925652182549549174e-01,3.305664475160540738e-01,1.356453774197010631e-01,4.848962648018781962e+00,4.342071475823243709e-01
4.015181838840362616e-01,5.066934075606369658e-01,-8.542758553824878476e-01,9.436773673942452589e+00,4.264765825677122590e-01
1.176318634867984103e-01,5.387641298455101424e-01,-7.450112064831646563e-01,7.623709223131981183e+00,4.765137647120987197e-01
3.309682051012897142e-01,5.972237353912194235e-01,3.500020506114163155e-01,2.016561967098688513e+00,5.849360647653677470e-01
5.606607318047851507e-01,5.029166837807407253e-01,2.015726582829223901e+00,2.683037488179195407e+00,6.052355451019060251e-01
2.125359169099153844e-01,5.865020098540123517e-01,2.954435176901188953e-01,6.070589863970551114e+00,6.727519282807357115e-01
5.798905291128109152e-01,4.341430907681554929e-01,-3.698295533761768894e+00,1.361095531076484733e+00,5.963020341967159021e-01
3.352542518325301035e-01,6.754035051775820753e-01,1.488424441554775157e+00,3.896182501139808796e+00,4.884941987711430844e-01
3.393421880220052200e-01,4.381090169617207208e-01,3.048978376235972121e+00,5.656421411282390288e+00,6.617242911703570263e-01
4.192141983313669718e-01,5.251904887588055848e-01,1.936163644097125491e+00,6.781817461447731787e+00,5.413014134267889466e-01
5.638777119529858606e-01,6.229051048379219413e-01,3.638758872796397981e+00,5.943596324588449775e+00,5.505746185842478324e-01
5.960237549876861163e-01,4.810094186303572883e-01,9.966678931335746228e-01,1.125341730561514542e+00,5.991468202048513270e-01
1.662021401930260101e-01,5.646922842762129857e-01,-5.787258512239041863e-01,7.586158452881003100e+00,5.308836589639845949e-01
2.618229683817137055e-01,3.896444540358285913e-01,-1.185508024074514832e+00,8.173436723138269855e+00,4.346101332261580463e-01
1.447472005215664770e-01,3.398497160990254784e-01,-1.514078682694947275e+00,6.800794601834456721e+00,6.104607842013423102e-01
3.746042261783616434e-01,4.152898673655144313e-01,-2.003391735081474501e+00,4.612659819466144562e+00,5.923143415452719607e-01
4.291294377971256457e-01,4.285478794965811300e-01,-3.614969582221451372e+00,4.682986765079292013e+00,4.350810661764329401e-01
5.930896821825529797e-01,6.770704923906967210e-01,-2.367190786342379560e+00,8.498720845300946181e+00,5.547240772979983303e-01
2.080092995341686346e-01,6.410711533448134603e-01,6.252356386714064129e-01,4.052426396480205639e+00,5.200843658349662002e-01
5.113065128750482469e-01,4.342758729102457194e-01,2.283233707984391181e+00,4.901182157378501714e+00,5.092276729425041504e-01
3.866810256801083145e-01,4.615636753891131372e-01,2.015371733671146970e+00,1.578076600865406132e+00,5.858533354728487907e-01
3.446981175424012056e-01,4.539593392087175050e-01,6.005309651527763748e-01,1.440063847664444507e+00,8.720387569693774932e-01
2.236054734156870949e-01,6.554350222867068032e-01,1.798652196904334311e+00,9.324068483726204448e+00,5.025868517120879453e-01
5.539036097987410923e-01,4.864896599704015001e-01,-2.209768128850333468e+00,5.033204373197917469e+00,4.833916442623293896e-01
3.576648404149455063e-01,5.757018103158959565e-01,-1.752117980094382688e+00,8.077993395591356318e+00,4.608253522599771168e-01
5.056028494009989771e-01,4.542283926615340861e-01,2.130775348904099253e+00,6.047582710255836602e+00,4.499750277415165423e-01
1.350899872078479280e-01,3.944023503309015966e-01,-3.978660595646097420e-01,6.902085437235211174e+00,4.879265965803567529e-01
3.986525098622428764e-01,5.724933387070785251e-01,4.470919326360434098e-01,8.553342646470571964e+00,5.441999220088338252e-01
3.508018350462525081e-01,4.065641226980323264e-01,2.970962091993023080e+00,8.692994154831346520e+00,4.519126604788493706e-01
3.646938881065538984e-01,3.680831672428844237e-01,4.933312179074373915e-01,3.531601668732058386e+00,3.309960387250040492e-01
5.218380162425718671e-01,5.030957786932037656e-01,3.034284661910657377e+00,1.247073404938964014e+00,5.157885305895023587e-01
5.475089376373630801e-01,6.926951438897002156e-01,-2.425983330942989014e-01,1.749708736777158657e+00,4.767406033792485065e-01
3.660156084135458565e-01,6.754352734171449324e-01,-4.304613604213239242e+00,4.702506153956147905e+00,5.996164297747361704e-01
5.982047191150100529e-01,4.776567560650095690e-01,-1.307712788439632678e+00,9.343681203564290882e+00,4.704779881500019689e-01
4.060977283211384403e-01,5.930814618863480270e-01,-2.378492679120988385e+00,4.270486745392917172e+00,6.248957178357193998e-01
2.866856822026398466e-01,4.362547843282565396e-01,-5.827987463522852352e-01,8.567259559635745703e+00,4.154774365063933494e-01
1.285675454345364399e-01,5.740281909319402409e-01,7.680016555804343170e-01,1.213575321258635320e+00,8.673648209595856695e-01
2.281998920460190927e-01,5.685663502425355453e-01,1.146741826578767665e+00,4.493575374567737590e+00,7.867913136779798311e-01
4.547694401127966302e-01,5.104036177865364232e-01,1.666047680713998780e+00,1.570147759000980470e+00,6.960417783561941851e-01
3.983967785313428100e-01,3.755241313644275825e-01,-3.279498277407717488e+00,4.453363517095842994e+00,5.339407372246582906e-01
5.160208214147411487e-01,6.998229116171994502e-01,4.468373993106382613e-01,1.525981230357373875e+00,4.863431204486545756e-01
3.937448799860187032e-01,3.330172948637747932e-01,8.243368755898856648e-01,6.091867177917237974e+00,6.199126018250493697e-01
1.564052098026793847e-01,6.835441439488121329e-01,9.985982852392893960e-02,9.222787349694819170e+00,4.335722655564225869e-01
1.861701051841187504e-01,3.809702868959403688e-01,2.385743076177181621e+00,2.121919585937277475e+00,6.026822524208885756e-01
5.216970943475974787e-01,6.758345471080515754e-01,1.321033168497359966e+00,3.394539967704411687e+00,5.301970453511459791e-01
5.308146674814058219e-01,4.813734808440472412e-01,-3.155004929435364147e+00,4.985713417347705345e+00,4.962906983180547238e-01
4.285580496570852160e-01,5.008208072407100975e-01,-4.289389377544674531e-01,5.634821472479776716e+00,4.568968565347653055e-01
5.206171741031810907e-01,3.569120288520958306e-01,-5.500346783645984061e-01,1.578261187318047210e+00,9.113191185390832061e-01
5.172780895177591098e-01,4.514583180296857789e-01,-1.505069882665321934e+00,2.529182915233777251e+00,4.818620248137357454e-01
2.305249829932446426e-01,3.488288939059481231e-01,-9.852094070779795487e-01,8.520552449501401782e+00,6.200684198527356417e-01
3.629929926095385451e-01,6.537534456559132012e-01,8.476226598146139324e-01,3.605899737107572722e+00,4.626389342000486460e-01
3.073272278597580787e-01,6.369840613455423073e-01,2.124184123468647378e+00,4.178750668198409457e+00,7.024604031030238227e-01
4.484425969711364202e-01,5.177281435458397363e-01,-7.167797942852054405e-01,9.151900664192753609e+00,4.152238748486747344e-01
1.577165017841223871e-01,3.455546784962617579e-01,2.060111590879389887e+00,1.401707857793264012e+00,9.561641712540415172e-01
5.395411672905242595e-01,6.503464030161851817e-01,2.325643326289487334e+00,6.768188725256417904e+00,6.417706311969283428e-01
1.567362566257450296e-01,5.515526519085742763e-01,2.197839375957491903e+00,2.125643278773999612e+00,7.140975462304860466e-01
4.768460205591810164e-01,4.639972262562197525e-01,-2.819900718135181172e+00,7.258612044554466181e+00,4.915313909650085300e-01
3.289048204301158740e-01,6.428407396390231066e-01,-3.021658082920025468e+00,5.675962302316968078e+00,4.846219616296861821e-01
3.241674569732330147e-01,6.747917272308815440e-01,1.622357203368697043e+00,7.281337270421886387e+00,6.115311695487154475e-01
5.904783306473387894e-01,3.664045284589598772e-01,-2.054743242585708174e-01,4.725588020507803577e+00,5.470944231462518959e-01
2.793557812919496564e-01,4.637343442531177140e-01,8.958986649098488186e-01,6.158145658847979043e+00,5.864711474239265865e-01
3.395540041380890051e-01,4.007905933472117876e-01,-3.375890064585598260e+00,6.612826031557900386e+00,4.445198498395930287e-01
5.589019967778267040e-01,5.751892267320291019e-01,-3.088546923128330235e-01,3.223330537445987964e+00,3.532597522425373615e-01
5.988334750968647979e-01,3.178410797193145787e-01,5.647579410409271361e-01,6.185648228587924180e+00,3.179754010615127857e-01
1.752769170295470080e-01,5.570778121691740692e-01,-2.582196768270054399e+00,6.372876053195621004e+00,6.443244280477288255e-01
4.424123529781223141e-01,5.201908148089303685e-01,2.712632934888531189e+00,7.310614191316939348e+00,6.426130450572306030e-01
1.532676116238116393e-01,3.550715114167710684e-01,-1.452029931928469075e+00,4.578692101788925939e+00,8.989138122632147621e-01
5.105210895778663494e-01,4.917799116363372747e-01,-2.853852519417988454e+00,8.169596821662853614e+00,4.591377116759468580e-01
5.684724675467572874e-01,3.821331988100214461e-01,2.601215705669995160e+00,9.069087259486042996e+00,6.121499063162715304e-01
5.618771036633580795e-01,6.702403621180013094e-01,2.777383441613454629e+00,8.196209998295273635e+00,4.929606545367726245e-01
3.676513206482584506e-01,4.261531201787608913e-01,9.655895348385676868e-01,4.625908897482666760e+00,6.533201451280211680e-01
2.965849437686126633e-01,4.292959527222112159e-01,1.616365106671446839e-01,1.824178828449292133e+00,6.168325400792814550e-01
3.504653156167437666e-01,3.600643454417926104e-01,2.200410477114283836e+00,4.776493698308090785e+00,6.006181524569144115e-01
3.416507825954777644e-01,4.478433242399341152e-01,1.118463464360263337e+00,4.791295405986900846e+00,7.833292351385936492e-01
5.032008685267596038e-01,5.617355575331970385e-01,-9.150150073064082790e-01,6.663112437994289650e+00,5.280521827272293134e-01
1.153151238088019198e-01,4.884989919058883578e-01,-2.753917683117243609e+00,9.998276285023580456e+00,5.603318292271335377e-01
4.486270053495339249e-01,4.967526032255246693e-01,5.249776985465581802e-01,9.123047922399669218e+00,4.390999777638647794e-01
4.638864180546177218e-01,4.209652811738694433e-01,2.142163573069315596e+00,7.401688576329681801e+00,3.968035714789610591e-01
4.679229213731299630e-01,3.619958373892415149e-01,-5.694531814571321959e-01,6.626042879316264234e+00,3.841989675210604194e-01
4.151887360050193765e-01,6.814086514003968587e-01,3.396369239706142906e-01,3.069036680383494531e+00,8.258997434194741416e-01
3.683950158061385372e-01,3.108161934617026945e-01,1.284395447991004247e+00,1.447806117236358547e+00,6.586615418503328767e-01
